order_id,order_date,customer_id,product_id,product_category,quantity,unit_price,discount_rate,total_revenue,payment_method,customer_country
100001,2024-03-27,1102,308,Electronics,4,459.51,0,1838.04,"Credit Card",France
100002,2024-03-10,1435,204,Sports,2,59.82,0,119.64,"Credit Card",France
100003,2024-08-15,1860,318,Electronics,1,380.99,0.2,304.79,PayPal,France
100004,2024-09-24,1270,232,Beauty,3,494.09,0.1,1334.04,"Bank Transfer",Canada
100005,2024-05-25,1106,317,Sports,1,451.14,0,451.14,"Bank Transfer",USA
100006,2024-09-15,1071,264,Sports,4,327.58,0,1310.32,"Debit Card",Germany
100007,2024-10-20,1700,345,Fashion,2,160.46,0.15,272.78,"Bank Transfer",France
100008,2024-11-04,1020,210,Beauty,5,130.89,0.15,556.28,PayPal,UK
100009,2024-02-23,1614,284,Beauty,2,410.53,0,821.06,PayPal,France
100010,2024-06-25,1121,225,Books,4,440.51,0.2,1409.63,PayPal,Nigeria
100011,2024-12-28,1466,262,Sports,2,265.09,0,530.18,"Debit Card",USA
100012,2024-07-04,1214,285,Beauty,2,125.95,0.05,239.3,"Credit Card",USA
100013,2024-03-05,1330,258,Sports,4,60.91,0.1,219.28,"Bank Transfer",Germany
100014,2024-02-28,1458,226,Books,2,48.15,0.2,77.04,PayPal,Canada
100015,2024-06-16,1087,297,Books,3,360.94,0.05,1028.68,PayPal,Germany
100016,2024-08-09,1372,304,Fashion,3,212.96,0.2,511.1,"Credit Card",France
100017,2024-01-17,1099,298,Sports,2,453.15,0.05,860.98,PayPal,Nigeria
100018,2024-10-12,1871,328,Beauty,5,371.14,0.1,1670.13,"Bank Transfer",UK
100019,2024-05-19,1663,348,Beauty,4,99.67,0.1,358.81,"Debit Card",Germany
100020,2024-04-02,1130,254,Sports,3,308.82,0.15,787.49,PayPal,Canada
100021,2024-04-10,1661,205,Sports,5,220.58,0.05,1047.76,"Bank Transfer",Germany
100022,2024-08-31,1308,294,Sports,2,290.74,0.15,494.26,PayPal,USA
100023,2024-04-10,1769,332,"Home & Kitchen",5,370.34,0.05,1759.11,"Credit Card",France
100024,2024-11-03,1343,301,Beauty,1,404.07,0.15,343.46,PayPal,France
100025,2024-08-24,1491,202,Books,3,422.65,0.1,1141.16,PayPal,France
100026,2024-12-29,1413,222,Beauty,2,130.72,0.2,209.15,"Debit Card",France
100027,2024-08-28,1805,252,"Home & Kitchen",4,20.4,0.15,69.36,"Credit Card",France
100028,2024-05-01,1385,282,Sports,2,370.95,0.05,704.8,"Credit Card",France
100029,2024-08-21,1191,344,Fashion,4,57.64,0.05,219.03,"Debit Card",UK
100030,2024-09-19,1955,284,Sports,2,160.89,0.1,289.6,PayPal,Canada
100031,2024-11-10,1276,277,Sports,5,6.89,0.05,32.73,"Bank Transfer",France
100032,2024-03-13,1160,309,"Home & Kitchen",5,342.43,0,1712.15,"Credit Card",Canada
100033,2024-09-03,1459,200,Beauty,5,87.73,0.2,350.92,"Credit Card",Nigeria
100034,2024-06-24,1313,250,Sports,1,329.36,0.15,279.96,PayPal,France
100035,2024-03-29,1021,203,Beauty,4,495.91,0.2,1586.91,PayPal,Germany
100036,2024-11-15,1252,312,Electronics,5,40.97,0.1,184.36,"Credit Card",France
100037,2024-03-08,1747,231,Books,1,43.15,0.15,36.68,PayPal,USA
100038,2024-01-28,1856,233,Beauty,4,173.49,0.15,589.87,"Bank Transfer",UK
100039,2024-02-27,1560,291,Fashion,2,433.86,0,867.72,"Credit Card",Germany
100040,2024-09-17,1474,294,Books,1,111.69,0.1,100.52,"Bank Transfer",Germany
100041,2024-09-14,1058,271,Fashion,3,183.39,0.05,522.66,"Bank Transfer",USA
100042,2024-02-04,1510,238,Sports,1,38.91,0,38.91,PayPal,France
100043,2024-12-11,1681,317,Books,1,382.76,0,382.76,"Bank Transfer",UK
100044,2024-11-24,1475,202,Beauty,4,207.11,0.2,662.75,PayPal,Germany
100045,2024-12-07,1699,322,Books,2,380.83,0.2,609.33,"Debit Card",UK
100046,2024-11-18,1975,249,Sports,3,452.29,0.2,1085.5,PayPal,Germany
100047,2024-07-29,1782,211,"Home & Kitchen",5,120.22,0,601.1,"Bank Transfer",France
100048,2024-04-27,1189,253,Fashion,5,404.66,0.05,1922.14,"Debit Card",Nigeria
100049,2024-01-16,1957,332,Sports,1,34.25,0.15,29.11,PayPal,Germany
100050,2024-12-17,1686,256,"Home & Kitchen",4,449.93,0.2,1439.78,"Bank Transfer",Nigeria
100051,2024-02-16,1957,344,Books,4,327.13,0.05,1243.09,"Credit Card",Germany
100052,2024-07-09,1562,311,Books,5,437.74,0.1,1969.83,"Credit Card",Canada
100053,2024-01-19,1875,246,Sports,3,5.09,0.2,12.22,PayPal,France
100054,2024-09-24,1566,284,Beauty,2,88.7,0.15,150.79,PayPal,USA
100055,2024-05-02,1243,341,Books,3,197.93,0.1,534.41,"Credit Card",Nigeria
100056,2024-11-27,1831,265,Beauty,2,192.85,0.1,347.13,"Bank Transfer",USA
100057,2024-05-28,1504,274,Beauty,5,117.23,0.15,498.23,"Bank Transfer",France
100058,2024-05-07,1130,302,Beauty,2,193.9,0.2,310.24,"Bank Transfer",USA
100059,2024-11-05,1484,237,Electronics,4,68.78,0,275.12,PayPal,France
100060,2024-03-07,1818,249,"Home & Kitchen",1,209.32,0.15,177.92,"Debit Card",USA
100061,2024-04-23,1646,297,"Home & Kitchen",1,402.17,0.15,341.84,"Debit Card",Nigeria
100062,2024-04-27,1020,281,Books,5,242.14,0.15,1029.09,"Debit Card",Canada
100063,2024-04-15,1840,229,Books,4,13.91,0.1,50.08,"Debit Card",USA
100064,2024-09-27,1166,278,Beauty,3,213.61,0.05,608.79,"Debit Card",Nigeria
100065,2024-05-06,1273,290,Electronics,4,18.45,0,73.8,PayPal,Germany
100066,2024-05-23,1387,251,Beauty,1,483.29,0.2,386.63,PayPal,France
100067,2024-01-11,1600,278,Electronics,1,68.09,0.2,54.47,"Debit Card",UK
100068,2024-12-06,1315,229,Beauty,4,355.31,0.05,1350.18,PayPal,UK
100069,2024-07-20,1013,305,Fashion,4,486.52,0.15,1654.17,PayPal,France
100070,2024-12-26,1241,250,Fashion,1,413.89,0,413.89,"Debit Card",Canada
100071,2024-11-13,1776,280,Sports,3,351.16,0.2,842.78,"Bank Transfer",USA
100072,2024-01-10,1345,332,Beauty,5,420.53,0.2,1682.12,PayPal,Canada
100073,2024-01-19,1564,228,Books,5,490.99,0.15,2086.71,"Bank Transfer",UK
100074,2024-03-01,1897,331,"Home & Kitchen",4,312.57,0.05,1187.77,PayPal,Nigeria
100075,2024-10-01,1339,337,Sports,5,281.8,0,1409,PayPal,France
100076,2024-07-29,1091,344,Books,1,315.98,0.05,300.18,"Debit Card",France
100077,2024-07-12,1366,273,Fashion,1,268.67,0.05,255.24,PayPal,Canada
100078,2024-01-30,1955,216,Beauty,4,319.37,0,1277.48,"Credit Card",Nigeria
100079,2024-05-08,1454,283,Sports,4,227.67,0,910.68,"Credit Card",Canada
100080,2024-07-31,1427,268,Beauty,4,113.13,0.2,362.02,"Debit Card",USA
100081,2024-02-13,1508,233,Fashion,3,64.52,0.2,154.85,"Bank Transfer",Germany
100082,2024-09-30,1775,205,Sports,5,38.83,0,194.15,"Bank Transfer",Nigeria
100083,2024-02-06,1942,252,Fashion,4,135.34,0.1,487.22,"Bank Transfer",Germany
100084,2024-10-26,1034,325,Electronics,2,27.83,0.2,44.53,"Credit Card",USA
100085,2024-05-10,1205,242,Fashion,2,285.75,0.1,514.35,"Bank Transfer",Germany
100086,2024-11-30,1080,314,Beauty,1,145.5,0,145.5,"Bank Transfer",UK
100087,2024-10-08,1931,310,"Home & Kitchen",5,413.14,0.2,1652.56,"Debit Card",Germany
100088,2024-09-25,1561,279,Fashion,4,41.75,0.05,158.65,"Bank Transfer",USA
100089,2024-04-05,1871,294,Books,2,117.04,0,234.08,"Credit Card",Germany
100090,2024-04-05,1387,317,"Home & Kitchen",5,366.47,0.15,1557.5,"Credit Card",France
100091,2024-01-03,1001,343,Electronics,1,301.41,0.1,271.27,"Credit Card",Canada
100092,2024-12-31,1389,207,Sports,3,36.92,0,110.76,"Debit Card",UK
100093,2024-03-27,1565,331,Sports,5,439.23,0,2196.15,"Debit Card",France
100094,2024-07-07,1105,303,"Home & Kitchen",5,439.24,0.2,1756.96,PayPal,France
100095,2024-04-19,1771,331,Sports,3,168.55,0.2,404.52,"Bank Transfer",USA
100096,2024-04-25,1821,224,Fashion,5,173.5,0.2,694,"Debit Card",Canada
100097,2024-12-21,1476,295,"Home & Kitchen",1,494.57,0.15,420.38,"Credit Card",Canada
100098,2024-03-12,1702,292,Beauty,1,314.96,0.2,251.97,"Credit Card",Nigeria
100099,2024-09-14,1401,260,Fashion,3,268,0,804,"Debit Card",UK
100100,2024-03-29,1729,321,Fashion,4,419.89,0.2,1343.65,"Debit Card",USA
100101,2024-01-08,1555,250,Fashion,2,146.22,0.05,277.82,"Debit Card",UK
100102,2024-04-21,1161,346,Beauty,4,217.45,0.2,695.84,PayPal,Nigeria
100103,2024-11-09,1201,220,Electronics,5,137.55,0.15,584.59,"Credit Card",Germany
100104,2024-03-17,1957,204,Books,2,395.63,0.05,751.7,PayPal,France
100105,2024-12-25,1995,291,Sports,3,288.81,0,866.43,PayPal,UK
100106,2024-06-18,1269,260,"Home & Kitchen",3,331.12,0,993.36,"Bank Transfer",France
100107,2024-05-09,1862,221,Electronics,2,129.89,0.1,233.8,"Credit Card",USA
100108,2024-03-25,1815,348,"Home & Kitchen",1,114.01,0.05,108.31,"Credit Card",Germany
100109,2024-11-20,1270,269,Sports,2,246.75,0.1,444.15,"Debit Card",USA
100110,2024-08-25,1455,200,Beauty,5,370.1,0.05,1757.98,"Debit Card",Germany
100111,2024-12-23,1461,332,Fashion,1,264.99,0.05,251.74,"Bank Transfer",Germany
100112,2024-10-28,1726,211,Fashion,3,21.16,0.15,53.96,PayPal,France
100113,2024-06-17,1251,289,Beauty,2,434.93,0.1,782.87,"Debit Card",USA
100114,2024-10-08,1701,245,Electronics,4,37.02,0.15,125.87,"Debit Card",USA
100115,2024-12-19,1295,233,Electronics,4,478.13,0.05,1816.89,"Credit Card",UK
100116,2024-11-10,1724,277,"Home & Kitchen",5,17.45,0,87.25,"Credit Card",USA
100117,2024-12-13,1719,244,Beauty,4,348.75,0.05,1325.25,"Debit Card",UK
100118,2024-10-27,1748,272,Electronics,2,45.69,0.15,77.67,"Credit Card",Canada
100119,2024-09-12,1337,225,Beauty,2,455.78,0.1,820.4,"Bank Transfer",Canada
100120,2024-06-10,1878,246,Sports,4,234.89,0.1,845.6,"Debit Card",Canada
100121,2024-08-28,1052,320,Fashion,2,73.07,0.15,124.22,"Credit Card",Nigeria
100122,2024-04-27,1791,255,Fashion,5,173.7,0.1,781.65,"Bank Transfer",USA
100123,2024-11-21,1921,293,Fashion,1,86.59,0.2,69.27,"Credit Card",Nigeria
100124,2024-08-01,1216,306,Beauty,5,89.44,0,447.2,"Credit Card",USA
100125,2024-03-11,1763,262,Beauty,5,474.31,0,2371.55,"Credit Card",UK
100126,2024-08-08,1187,247,"Home & Kitchen",2,225.4,0,450.8,"Debit Card",Nigeria
100127,2024-11-26,1379,260,Fashion,1,395.46,0.1,355.91,PayPal,Nigeria
100128,2024-05-25,1492,280,"Home & Kitchen",2,321.6,0.1,578.88,"Credit Card",Nigeria
100129,2024-03-06,1040,225,Fashion,3,339.83,0.05,968.52,"Bank Transfer",Germany
100130,2024-09-06,1156,235,"Home & Kitchen",2,70.19,0.05,133.36,"Debit Card",UK
100131,2024-01-07,1014,200,"Home & Kitchen",2,120.92,0,241.84,"Debit Card",Canada
100132,2024-05-05,1812,207,Sports,2,394.44,0.2,631.1,"Bank Transfer",UK
100133,2024-02-28,1064,312,"Home & Kitchen",1,485.53,0.05,461.25,"Credit Card",Germany
100134,2024-03-11,1856,298,Beauty,2,135.02,0.05,256.54,PayPal,USA
100135,2024-05-15,1838,246,"Home & Kitchen",1,139.43,0.1,125.49,"Credit Card",UK
100136,2024-06-29,1520,326,Fashion,4,239.08,0.2,765.06,"Bank Transfer",Nigeria
100137,2024-10-19,1343,255,"Home & Kitchen",3,492,0,1476,"Debit Card",Canada
100138,2024-03-04,1128,213,Electronics,1,138.13,0.05,131.22,PayPal,Canada
100139,2024-03-09,1647,227,Books,4,206.45,0.2,660.64,"Debit Card",USA
100140,2024-12-15,1471,277,Fashion,1,446.28,0.2,357.02,"Bank Transfer",UK
100141,2024-03-07,1062,329,Electronics,1,6.45,0,6.45,"Credit Card",Germany
100142,2024-04-28,1138,308,Fashion,3,24.68,0.2,59.23,PayPal,USA
100143,2024-12-11,1498,213,Beauty,5,304.02,0.2,1216.08,"Debit Card",UK
100144,2024-02-05,1592,255,Books,5,454.15,0.2,1816.6,"Debit Card",France
100145,2024-02-05,1391,314,Books,1,123.23,0.05,117.07,"Debit Card",Canada
100146,2024-02-15,1674,206,Beauty,2,237.47,0,474.94,"Credit Card",Germany
100147,2024-01-11,1418,202,Books,4,227.98,0.2,729.54,PayPal,Nigeria
100148,2024-08-12,1288,310,Beauty,2,239.12,0.2,382.59,"Credit Card",Germany
100149,2024-04-27,1378,306,Electronics,2,313.15,0.05,594.98,"Credit Card",Nigeria
100150,2024-03-25,1772,217,Sports,1,237.52,0,237.52,"Credit Card",Germany
100151,2024-11-10,1489,237,Fashion,1,226.5,0.1,203.85,"Bank Transfer",Canada
100152,2024-01-18,1230,314,Beauty,1,239.77,0.05,227.78,"Bank Transfer",Nigeria
100153,2024-06-04,1040,214,Fashion,1,297.48,0,297.48,"Bank Transfer",UK
100154,2024-03-21,1027,318,Electronics,5,270.82,0.2,1083.28,PayPal,Nigeria
100155,2024-09-20,1134,227,Sports,1,427.8,0,427.8,"Credit Card",USA
100156,2024-03-11,1200,238,Electronics,5,29.5,0,147.5,"Credit Card",UK
100157,2024-06-22,1839,216,Books,5,417.49,0,2087.45,"Bank Transfer",USA
100158,2024-08-26,1779,285,Fashion,1,422.74,0.1,380.47,"Credit Card",Germany
100159,2024-09-27,1929,325,Sports,3,146.03,0,438.09,"Credit Card",UK
100160,2024-03-10,1032,243,Books,4,234.11,0.1,842.8,"Debit Card",Germany
100161,2024-06-10,1047,224,Sports,2,222.08,0.2,355.33,"Credit Card",France
100162,2024-06-27,1502,344,Books,5,113.16,0.1,509.22,"Debit Card",Germany
100163,2024-11-18,1406,212,Electronics,4,201.41,0.2,644.51,"Credit Card",Germany
100164,2024-08-07,1573,224,Beauty,3,26.97,0.2,64.73,PayPal,USA
100165,2024-02-23,1727,267,Fashion,2,142.52,0.1,256.54,"Bank Transfer",Nigeria
100166,2024-02-18,1804,337,"Home & Kitchen",2,409.26,0.05,777.59,"Debit Card",France
100167,2024-09-10,1098,266,"Home & Kitchen",5,145.86,0.15,619.91,"Bank Transfer",Germany
100168,2024-02-05,1683,308,Electronics,1,410.01,0,410.01,"Debit Card",Germany
100169,2024-02-06,1871,345,Fashion,3,268.14,0.15,683.76,"Debit Card",France
100170,2024-04-10,1725,310,Fashion,5,440.53,0,2202.65,"Debit Card",France
100171,2024-03-25,1986,310,Electronics,3,289.52,0,868.56,PayPal,UK
100172,2024-07-03,1546,233,Fashion,1,19.69,0.2,15.75,"Credit Card",USA
100173,2024-08-22,1960,310,Beauty,1,339.33,0,339.33,"Debit Card",France
100174,2024-03-20,1738,207,Electronics,5,27.2,0,136,PayPal,France
100175,2024-02-25,1612,312,Beauty,1,228.05,0.1,205.24,"Debit Card",Canada
100176,2024-10-11,1942,282,Fashion,4,465.07,0.15,1581.24,"Credit Card",Nigeria
100177,2024-07-23,1461,241,Electronics,2,86.78,0.1,156.2,"Debit Card",France
100178,2024-08-23,1642,300,Fashion,5,197.99,0,989.95,PayPal,USA
100179,2024-10-26,1768,205,Electronics,3,366.28,0.2,879.07,"Credit Card",Nigeria
100180,2024-05-22,1004,225,Fashion,4,441.72,0.1,1590.19,PayPal,Nigeria
100181,2024-05-27,1217,263,Beauty,5,337.12,0.1,1517.04,"Credit Card",Germany
100182,2024-03-19,1502,258,Beauty,1,132.8,0.05,126.16,"Credit Card",Germany
100183,2024-02-11,1766,308,Fashion,1,338.93,0,338.93,"Bank Transfer",Germany
100184,2024-02-07,1397,320,Electronics,1,151.88,0.2,121.5,"Bank Transfer",Germany
100185,2024-01-06,1870,232,"Home & Kitchen",1,360.62,0.1,324.56,"Bank Transfer",Canada
100186,2024-03-15,1794,349,Beauty,3,477.25,0.1,1288.58,"Credit Card",France
100187,2024-11-17,1392,220,Beauty,4,362.09,0.2,1158.69,"Debit Card",Germany
100188,2024-12-14,1206,269,Books,2,432.13,0,864.26,PayPal,UK
100189,2024-11-08,1014,311,"Home & Kitchen",3,6.04,0.05,17.21,PayPal,Germany
100190,2024-05-15,1857,203,Fashion,3,360.2,0.1,972.54,PayPal,France
100191,2024-04-25,1553,293,Electronics,2,415.65,0.05,789.73,"Bank Transfer",Germany
100192,2024-09-02,1891,274,Books,2,25.08,0.15,42.64,"Credit Card",Canada
100193,2024-10-06,1460,261,Fashion,1,436.44,0,436.44,"Bank Transfer",USA
100194,2024-12-31,1690,293,Sports,3,132.06,0.15,336.75,"Debit Card",USA
100195,2024-08-22,1574,294,Beauty,5,334.32,0.15,1420.86,"Credit Card",France
100196,2024-03-28,1863,254,Sports,2,401.18,0.15,682.01,PayPal,USA
100197,2024-08-26,1742,336,Beauty,2,333.02,0,666.04,"Bank Transfer",USA
100198,2024-05-19,1240,330,Beauty,4,50.68,0,202.72,"Bank Transfer",UK
100199,2024-09-18,1563,230,Sports,5,300.18,0.2,1200.72,"Debit Card",France
100200,2024-02-27,1095,239,Sports,5,277.04,0.05,1315.94,"Debit Card",France
100201,2024-01-19,1899,235,Fashion,2,450.66,0.05,856.25,"Bank Transfer",USA
100202,2024-01-22,1733,205,Books,1,205.1,0.2,164.08,"Debit Card",USA
100203,2024-02-13,1484,265,Books,4,163.94,0.2,524.61,PayPal,USA
100204,2024-02-15,1406,274,Sports,5,376.18,0.15,1598.76,"Debit Card",Nigeria
100205,2024-03-12,1230,203,Fashion,2,209.27,0.2,334.83,"Debit Card",Canada
100206,2024-05-09,1748,278,Books,5,324.82,0.1,1461.69,"Bank Transfer",Germany
100207,2024-05-09,1654,333,Fashion,4,324.99,0.05,1234.96,"Bank Transfer",Canada
100208,2024-08-26,1170,317,Fashion,4,444.58,0.2,1422.66,"Credit Card",France
100209,2024-03-22,1540,312,Beauty,3,301.35,0.1,813.65,"Credit Card",UK
100210,2024-06-24,1035,293,Books,2,253.57,0.1,456.43,"Bank Transfer",Germany
100211,2024-01-13,1524,261,Books,4,73.74,0.1,265.46,"Debit Card",UK
100212,2024-02-26,1159,278,Beauty,3,62.29,0.1,168.18,"Debit Card",Nigeria
100213,2024-04-13,1838,335,Sports,3,81.39,0.15,207.54,"Credit Card",France
100214,2024-04-01,1698,225,Beauty,5,90.06,0.1,405.27,"Credit Card",Nigeria
100215,2024-11-13,1242,243,Books,5,320.75,0.15,1363.19,"Credit Card",France
100216,2024-09-17,1085,332,Books,3,371.79,0.15,948.06,PayPal,UK
100217,2024-01-20,1795,269,Sports,5,267.35,0.1,1203.08,PayPal,UK
100218,2024-10-12,1577,317,Beauty,4,415.36,0.05,1578.37,"Credit Card",UK
100219,2024-12-27,1681,267,Electronics,1,495.68,0.1,446.11,"Debit Card",France
100220,2024-10-14,1556,218,Electronics,4,410.91,0.1,1479.28,"Credit Card",USA
100221,2024-06-23,1573,219,Sports,3,348.97,0.1,942.22,PayPal,UK
100222,2024-11-09,1952,312,Beauty,3,268.58,0.05,765.45,"Debit Card",Nigeria
100223,2024-08-20,1645,339,Beauty,4,227.18,0,908.72,PayPal,Germany
100224,2024-10-22,1795,246,Fashion,5,46.77,0,233.85,"Debit Card",France
100225,2024-03-07,1027,200,Books,5,202.69,0.15,861.43,PayPal,Nigeria
100226,2024-08-02,1619,289,"Home & Kitchen",3,455.52,0.15,1161.58,"Debit Card",Canada
100227,2024-12-19,1555,341,Sports,2,404.97,0.05,769.44,"Debit Card",Canada
100228,2024-07-13,1339,263,"Home & Kitchen",5,111.95,0.2,447.8,"Debit Card",Germany
100229,2024-09-25,1797,237,"Home & Kitchen",4,235.97,0,943.88,"Debit Card",USA
100230,2024-09-23,1957,236,Sports,5,409.28,0.15,1739.44,"Bank Transfer",UK
100231,2024-02-02,1330,325,Beauty,4,38.36,0,153.44,PayPal,France
100232,2024-05-15,1639,338,Sports,3,196.76,0.05,560.77,PayPal,Nigeria
100233,2024-08-26,1505,299,"Home & Kitchen",5,426.66,0.05,2026.64,"Bank Transfer",UK
100234,2024-01-12,1347,276,Books,4,204.93,0.2,655.78,"Debit Card",Nigeria
100235,2024-09-21,1472,202,Books,3,43.42,0.2,104.21,"Debit Card",France
100236,2024-12-06,1230,333,Books,2,273.55,0.05,519.74,PayPal,Canada
100237,2024-10-26,1189,209,Beauty,4,431.56,0.15,1467.3,"Bank Transfer",UK
100238,2024-09-30,1224,204,Electronics,2,297.19,0,594.38,"Debit Card",Germany
100239,2024-01-23,1384,337,Sports,2,117.01,0.1,210.62,"Debit Card",USA
100240,2024-04-11,1376,329,Books,1,195.2,0.2,156.16,"Debit Card",Germany
100241,2024-10-16,1282,212,Sports,5,227.81,0.1,1025.14,"Credit Card",USA
100242,2024-10-01,1957,329,Books,4,291.74,0.15,991.92,"Bank Transfer",Nigeria
100243,2024-11-07,1632,283,Beauty,2,380.88,0.2,609.41,"Debit Card",UK
100244,2024-09-22,1627,264,Electronics,1,53.94,0.1,48.55,"Credit Card",UK
100245,2024-10-17,1972,262,Electronics,3,445.38,0.15,1135.72,"Bank Transfer",USA
100246,2024-06-10,1744,300,Books,4,11.09,0,44.36,"Debit Card",Canada
100247,2024-01-04,1258,272,Beauty,2,188.18,0.15,319.91,PayPal,France
100248,2024-01-14,1358,216,Fashion,5,18.57,0.2,74.28,"Credit Card",Germany
100249,2024-05-22,1709,208,Sports,1,199.52,0.05,189.54,"Credit Card",Nigeria
100250,2024-05-13,1455,342,Sports,2,265.28,0,530.56,"Debit Card",Germany
100251,2024-08-04,1410,237,"Home & Kitchen",5,258.28,0.1,1162.26,"Debit Card",Germany
100252,2024-01-19,1648,293,Beauty,2,86.99,0.2,139.18,"Credit Card",Nigeria
100253,2024-03-08,1317,294,"Home & Kitchen",4,324.64,0.05,1233.63,PayPal,Nigeria
100254,2024-06-01,1676,248,Books,4,27.17,0.15,92.38,PayPal,UK
100255,2024-06-03,1224,268,"Home & Kitchen",4,382.14,0.05,1452.13,"Bank Transfer",Germany
100256,2024-09-01,1818,261,Electronics,1,473.59,0.2,378.87,"Debit Card",France
100257,2024-11-03,1233,277,Sports,4,173.19,0.2,554.21,PayPal,France
100258,2024-02-29,1683,316,"Home & Kitchen",5,261.03,0.05,1239.89,"Bank Transfer",USA
100259,2024-05-26,1663,319,Electronics,2,192.56,0.15,327.35,PayPal,Nigeria
100260,2024-03-20,1974,336,Beauty,3,8.32,0.05,23.71,"Debit Card",UK
100261,2024-05-03,1826,275,"Home & Kitchen",5,196.01,0.2,784.04,"Bank Transfer",France
100262,2024-11-08,1373,234,Books,5,396.9,0.2,1587.6,"Bank Transfer",Canada
100263,2024-01-09,1671,200,Books,4,300.01,0.1,1080.04,"Bank Transfer",UK
100264,2024-11-10,1607,239,Books,1,55.12,0.1,49.61,PayPal,UK
100265,2024-07-06,1471,263,Sports,2,424.33,0,848.66,"Debit Card",France
100266,2024-10-31,1232,349,"Home & Kitchen",1,267.89,0.2,214.31,"Bank Transfer",Canada
100267,2024-10-12,1691,259,Beauty,2,421.65,0.1,758.97,"Credit Card",USA
100268,2024-06-10,1112,263,"Home & Kitchen",2,292.21,0.05,555.2,"Debit Card",France
100269,2024-09-17,1829,292,Sports,1,282.05,0.15,239.74,"Credit Card",Canada
100270,2024-10-19,1496,271,Electronics,5,57.1,0.05,271.22,"Credit Card",UK
100271,2024-04-09,1441,210,Sports,2,87.84,0.15,149.33,"Bank Transfer",Canada
100272,2024-12-26,1563,304,Books,1,486.15,0.1,437.54,"Bank Transfer",UK
100273,2024-02-20,1267,213,Electronics,2,118.1,0,236.2,PayPal,France
100274,2024-09-15,1509,259,Books,3,488.84,0.05,1393.19,PayPal,Nigeria
100275,2024-06-07,1806,229,Fashion,5,268.3,0.05,1274.42,PayPal,France
100276,2024-04-20,1385,234,Sports,4,72.22,0.05,274.44,"Debit Card",Germany
100277,2024-11-15,1386,204,Sports,2,54.15,0.15,92.06,PayPal,Germany
100278,2024-11-29,1112,282,Beauty,3,108.39,0.1,292.65,"Credit Card",Germany
100279,2024-09-10,1612,322,"Home & Kitchen",4,463.19,0.05,1760.12,PayPal,France
100280,2024-08-28,1624,277,Electronics,4,210,0.05,798,"Bank Transfer",USA
100281,2024-05-11,1951,261,Electronics,2,200.74,0,401.48,PayPal,France
100282,2024-09-16,1080,331,Beauty,1,160.04,0,160.04,"Debit Card",Nigeria
100283,2024-12-24,1698,288,Beauty,2,77.8,0.1,140.04,"Debit Card",Canada
100284,2024-04-13,1112,241,"Home & Kitchen",3,246.49,0.1,665.52,"Credit Card",France
100285,2024-09-18,1001,288,Books,4,69.37,0.2,221.98,"Debit Card",France
100286,2024-01-02,1641,345,"Home & Kitchen",2,418.56,0,837.12,PayPal,UK
100287,2024-01-25,1219,239,Sports,1,188.35,0.2,150.68,"Bank Transfer",UK
100288,2024-04-24,1565,271,Books,2,190.53,0.15,323.9,"Debit Card",UK
100289,2024-02-17,1854,238,Fashion,5,239.63,0.2,958.52,"Credit Card",France
100290,2024-01-25,1996,303,"Home & Kitchen",1,224.84,0.05,213.6,PayPal,USA
100291,2024-10-13,1735,213,Beauty,3,497.45,0.2,1193.88,"Credit Card",Canada
100292,2024-06-06,1224,231,Books,4,274.96,0.1,989.86,"Debit Card",Canada
100293,2024-02-25,1384,324,"Home & Kitchen",2,48.66,0.15,82.72,"Debit Card",Nigeria
100294,2024-09-19,1402,296,Electronics,1,305.4,0.05,290.13,"Credit Card",USA
100295,2024-07-01,1637,222,Fashion,5,80.03,0.2,320.12,PayPal,USA
100296,2024-08-13,1129,262,Sports,1,20.31,0.15,17.26,"Debit Card",Canada
100297,2024-06-21,1052,342,Electronics,5,485.52,0.15,2063.46,"Bank Transfer",Germany
100298,2024-07-27,1683,344,Electronics,3,387.9,0.05,1105.51,"Debit Card",UK
100299,2024-08-19,1729,252,Fashion,4,490.15,0.2,1568.48,PayPal,UK
100300,2024-10-06,1671,303,Sports,3,241.55,0.15,615.95,"Debit Card",Canada
100301,2024-04-25,1709,303,Beauty,2,268.47,0.15,456.4,"Credit Card",USA
100302,2024-11-23,1415,238,Books,1,88.33,0,88.33,"Debit Card",Nigeria
100303,2024-07-05,1246,333,Sports,5,127.22,0.15,540.69,"Debit Card",Germany
100304,2024-10-07,1835,266,"Home & Kitchen",5,420.08,0,2100.4,PayPal,Canada
100305,2024-11-22,1438,334,Electronics,1,181.31,0.2,145.05,"Credit Card",UK
100306,2024-09-02,1202,241,"Home & Kitchen",1,414.27,0.2,331.42,PayPal,France
100307,2024-10-11,1183,214,Beauty,2,355.96,0.2,569.54,"Debit Card",USA
100308,2024-08-02,1122,310,"Home & Kitchen",3,92.7,0.1,250.29,"Bank Transfer",France
100309,2024-06-14,1400,232,Sports,5,256.19,0.2,1024.76,"Debit Card",Nigeria
100310,2024-07-09,1766,237,"Home & Kitchen",2,340.31,0.15,578.53,PayPal,Canada
100311,2024-12-06,1293,296,Beauty,3,121.34,0.05,345.82,"Bank Transfer",UK
100312,2024-09-13,1279,232,Beauty,2,416.19,0,832.38,PayPal,Germany
100313,2024-09-20,1836,285,Beauty,5,274.69,0.1,1236.1,PayPal,France
100314,2024-03-28,1883,265,Sports,1,86.79,0.2,69.43,"Credit Card",Germany
100315,2024-09-10,1609,209,Beauty,1,293.58,0.2,234.86,"Bank Transfer",Nigeria
100316,2024-07-11,1197,204,Electronics,3,499.86,0.05,1424.6,"Debit Card",UK
100317,2024-04-22,1981,322,Beauty,4,79.51,0.05,302.14,PayPal,France
100318,2024-01-27,1906,273,"Home & Kitchen",3,409.29,0.1,1105.08,"Debit Card",Nigeria
100319,2024-10-25,1510,296,Books,4,107.62,0,430.48,"Credit Card",Germany
100320,2024-12-06,1751,317,"Home & Kitchen",2,392.28,0.2,627.65,"Credit Card",Germany
100321,2024-05-08,1143,237,Books,2,368.62,0.1,663.52,"Bank Transfer",France
100322,2024-12-24,1608,340,"Home & Kitchen",5,153.74,0.15,653.4,"Credit Card",UK
100323,2024-02-16,1200,246,Sports,4,166.28,0.15,565.35,"Credit Card",Germany
100324,2024-02-02,1123,308,"Home & Kitchen",5,397.3,0.1,1787.85,"Debit Card",Canada
100325,2024-06-07,1186,214,Sports,1,233.42,0.2,186.74,"Credit Card",Nigeria
100326,2024-06-09,1325,335,Sports,4,366.75,0.1,1320.3,"Credit Card",France
100327,2024-12-27,1463,204,Beauty,3,78.25,0.2,187.8,PayPal,USA
100328,2024-03-13,1348,246,Electronics,1,427.02,0.05,405.67,"Credit Card",USA
100329,2024-06-15,1770,267,Books,1,356.89,0.1,321.2,PayPal,UK
100330,2024-03-12,1659,275,Beauty,3,453.94,0.2,1089.46,"Credit Card",Canada
100331,2024-02-23,1763,329,Beauty,1,70.52,0.1,63.47,"Credit Card",Germany
100332,2024-07-27,1954,294,Sports,4,298.54,0.1,1074.74,"Bank Transfer",USA
100333,2024-10-17,1931,314,Sports,5,301.56,0.2,1206.24,"Bank Transfer",UK
100334,2024-08-22,1402,235,Books,1,179.96,0.2,143.97,PayPal,Nigeria
100335,2024-09-27,1345,225,"Home & Kitchen",4,231.94,0,927.76,"Credit Card",Canada
100336,2024-10-23,1962,242,"Home & Kitchen",2,23.8,0.1,42.84,"Debit Card",Canada
100337,2024-02-16,1510,226,Beauty,4,374.2,0.15,1272.28,"Bank Transfer",UK
100338,2024-03-15,1146,268,Fashion,5,276.91,0.1,1246.1,"Debit Card",UK
100339,2024-02-07,1147,347,Fashion,4,33.58,0.1,120.89,"Bank Transfer",Germany
100340,2024-06-21,1863,210,"Home & Kitchen",3,341.97,0.2,820.73,"Bank Transfer",UK
100341,2024-09-30,1710,273,Fashion,5,236.06,0.1,1062.27,"Credit Card",Germany
100342,2024-06-10,1819,303,"Home & Kitchen",2,22.06,0.1,39.71,"Bank Transfer",Germany
100343,2024-09-29,1488,237,Sports,3,484.96,0.15,1236.65,"Debit Card",France
100344,2024-11-06,1928,333,Beauty,4,474.81,0.2,1519.39,"Bank Transfer",Canada
100345,2024-09-10,1935,222,Electronics,5,258.89,0.1,1165,PayPal,Nigeria
100346,2024-10-19,1639,246,Beauty,2,51.37,0.05,97.6,"Credit Card",Canada
100347,2024-04-28,1550,289,"Home & Kitchen",3,378.54,0,1135.62,"Credit Card",Canada
100348,2024-05-04,1337,245,"Home & Kitchen",2,248.51,0.15,422.47,PayPal,France
100349,2024-08-05,1871,306,Beauty,4,154.71,0.1,556.96,PayPal,Germany
100350,2024-09-27,1640,339,Books,2,248.25,0.05,471.67,PayPal,Germany
100351,2024-04-26,1778,340,"Home & Kitchen",1,263.61,0.1,237.25,"Bank Transfer",UK
100352,2024-08-15,1987,303,Fashion,3,283.54,0.1,765.56,"Credit Card",France
100353,2024-12-09,1952,310,Fashion,2,223.41,0.2,357.46,PayPal,UK
100354,2024-10-04,1472,303,"Home & Kitchen",4,304.85,0.2,975.52,"Bank Transfer",France
100355,2024-10-14,1945,259,"Home & Kitchen",4,459.77,0.2,1471.26,PayPal,UK
100356,2024-05-13,1150,299,Books,2,184.32,0.05,350.21,"Debit Card",USA
100357,2024-06-06,1414,267,Fashion,4,364.23,0.1,1311.23,"Debit Card",Canada
100358,2024-03-26,1989,332,"Home & Kitchen",5,447.75,0,2238.75,"Credit Card",Canada
100359,2024-08-28,1297,319,"Home & Kitchen",5,230.71,0.15,980.52,"Bank Transfer",Nigeria
100360,2024-06-26,1610,236,Books,5,224.51,0.2,898.04,"Debit Card",Germany
100361,2024-05-01,1262,271,Books,1,303.05,0.2,242.44,"Debit Card",Nigeria
100362,2024-07-21,1763,326,Beauty,2,297.75,0.1,535.95,"Bank Transfer",USA
100363,2024-02-04,1143,305,Books,1,404.26,0.1,363.83,PayPal,Nigeria
100364,2024-09-06,1345,291,Electronics,4,240.86,0.05,915.27,"Bank Transfer",Canada
100365,2024-12-22,1623,230,Fashion,1,498.08,0.05,473.18,PayPal,Germany
100366,2024-04-30,1571,321,Beauty,4,34.44,0.2,110.21,"Debit Card",USA
100367,2024-11-21,1880,336,Electronics,4,6.57,0.1,23.65,"Debit Card",Canada
100368,2024-08-07,1001,250,"Home & Kitchen",3,321.9,0,965.7,"Debit Card",UK
100369,2024-12-14,1896,228,"Home & Kitchen",5,152.73,0.15,649.1,"Credit Card",France
100370,2024-11-17,1303,239,Beauty,4,123.99,0.1,446.36,"Credit Card",USA
100371,2024-08-17,1253,240,Books,3,159.39,0.1,430.35,"Credit Card",Germany
100372,2024-02-22,1651,210,"Home & Kitchen",5,131.74,0.05,625.76,"Bank Transfer",Nigeria
100373,2024-01-31,1452,200,Sports,4,20.24,0.15,68.82,"Debit Card",Nigeria
100374,2024-10-16,1036,245,Beauty,4,485.91,0.2,1554.91,"Debit Card",USA
100375,2024-05-18,1159,300,Electronics,1,114.27,0.1,102.84,"Bank Transfer",Germany
100376,2024-11-05,1008,348,Beauty,1,368.34,0.2,294.67,"Credit Card",USA
100377,2024-10-13,1232,289,Fashion,5,382.49,0.1,1721.21,"Bank Transfer",Germany
100378,2024-02-27,1098,309,Books,4,464.98,0.2,1487.94,"Credit Card",Nigeria
100379,2024-07-10,1658,256,Books,2,20.12,0.15,34.2,"Debit Card",Canada
100380,2024-12-16,1815,200,Beauty,1,436.66,0.05,414.83,PayPal,UK
100381,2024-09-20,1207,262,"Home & Kitchen",5,265.98,0.15,1130.42,"Credit Card",Canada
100382,2024-08-01,1130,254,"Home & Kitchen",4,318.11,0,1272.44,"Debit Card",UK
100383,2024-01-06,1403,314,Sports,4,324.01,0.05,1231.24,"Debit Card",Nigeria
100384,2024-06-18,1151,342,Sports,2,410.8,0.15,698.36,PayPal,Canada
100385,2024-09-19,1053,348,Books,5,170.04,0,850.2,"Debit Card",Canada
100386,2024-12-12,1119,252,Sports,4,367.86,0.1,1324.3,"Debit Card",USA
100387,2024-08-20,1672,336,Electronics,1,266.65,0.1,239.98,"Credit Card",France
100388,2024-05-02,1919,256,Sports,2,397.73,0.2,636.37,"Credit Card",Nigeria
100389,2024-03-15,1627,316,Electronics,5,495.32,0.05,2352.77,PayPal,Germany
100390,2024-12-02,1586,234,Sports,2,104.32,0.1,187.78,PayPal,Nigeria
100391,2024-09-26,1624,262,Books,1,497.35,0.05,472.48,"Debit Card",Germany
100392,2024-05-23,1967,224,Books,5,49.46,0.1,222.57,"Credit Card",Germany
100393,2024-04-06,1419,289,Electronics,2,6.15,0.2,9.84,PayPal,UK
100394,2024-03-21,1421,274,Beauty,3,26.86,0.15,68.49,PayPal,Germany
100395,2024-03-30,1103,237,Books,1,174.18,0.2,139.34,"Bank Transfer",Germany
100396,2024-02-06,1851,329,Beauty,1,318.29,0,318.29,PayPal,USA
100397,2024-10-02,1253,334,"Home & Kitchen",1,39.17,0.1,35.25,"Debit Card",Canada
100398,2024-08-24,1226,290,Electronics,3,7.8,0,23.4,"Credit Card",Nigeria
100399,2024-02-09,1111,216,Books,3,468.86,0,1406.58,PayPal,Nigeria
100400,2024-02-16,1509,327,Fashion,4,411.85,0.05,1565.03,"Bank Transfer",Germany
100401,2024-03-27,1472,307,"Home & Kitchen",2,405.55,0.1,729.99,"Credit Card",France
100402,2024-08-31,1098,224,Beauty,4,442.79,0,1771.16,PayPal,Nigeria
100403,2024-10-23,1152,287,Books,2,351.52,0.15,597.58,"Bank Transfer",Germany
100404,2024-12-07,1860,228,Electronics,3,56.68,0,170.04,PayPal,UK
100405,2024-12-31,1913,262,Sports,3,202.55,0.15,516.5,"Credit Card",UK
100406,2024-01-28,1895,349,Fashion,4,362.96,0.05,1379.25,"Credit Card",UK
100407,2024-02-09,1877,313,Beauty,5,143.77,0,718.85,"Credit Card",Germany
100408,2024-04-09,1337,248,"Home & Kitchen",4,345.27,0.2,1104.86,"Debit Card",USA
100409,2024-11-05,1705,280,Electronics,2,17.13,0.05,32.55,PayPal,France
100410,2024-02-29,1821,283,Fashion,4,156.54,0.15,532.24,"Debit Card",Germany
100411,2024-11-20,1162,304,Electronics,1,276.82,0.05,262.98,"Credit Card",USA
100412,2024-08-16,1719,347,Books,2,317.88,0,635.76,"Bank Transfer",USA
100413,2024-03-06,1956,317,Sports,2,290.64,0.1,523.15,PayPal,Nigeria
100414,2024-03-09,1680,285,"Home & Kitchen",5,350.39,0.1,1576.76,"Debit Card",Germany
100415,2024-09-25,1995,262,Electronics,3,8.01,0.15,20.43,PayPal,Germany
100416,2024-09-18,1160,303,Beauty,2,54.97,0.15,93.45,"Bank Transfer",USA
100417,2024-12-09,1579,248,Books,3,435.13,0.1,1174.85,"Debit Card",USA
100418,2024-12-03,1800,270,Books,4,342.47,0.15,1164.4,"Credit Card",USA
100419,2024-02-01,1397,200,"Home & Kitchen",1,60.9,0.05,57.86,"Debit Card",Nigeria
100420,2024-12-16,1276,340,Books,5,421.83,0.2,1687.32,PayPal,Germany
100421,2024-06-26,1815,322,Beauty,3,124.9,0.2,299.76,PayPal,USA
100422,2024-04-03,1915,261,Electronics,2,241.74,0.05,459.31,PayPal,UK
100423,2024-12-19,1503,231,"Home & Kitchen",3,76.87,0.2,184.49,PayPal,Germany
100424,2024-07-05,1895,228,Books,2,356.5,0,713,"Credit Card",Nigeria
100425,2024-07-01,1391,248,Books,3,335.09,0.05,955.01,"Debit Card",UK
100426,2024-06-02,1134,229,Beauty,2,109.5,0.15,186.15,"Credit Card",Canada
100427,2024-12-04,1194,343,Sports,4,432.38,0.05,1643.04,"Credit Card",Germany
100428,2024-03-18,1400,218,Sports,2,203.65,0.1,366.57,"Credit Card",Canada
100429,2024-06-14,1639,217,Books,2,149.79,0.15,254.64,PayPal,USA
100430,2024-12-08,1032,200,Electronics,1,80.4,0.1,72.36,PayPal,Nigeria
100431,2024-02-15,1687,277,"Home & Kitchen",2,136.75,0.15,232.48,PayPal,USA
100432,2024-03-18,1459,314,Books,1,15.9,0.2,12.72,"Debit Card",Nigeria
100433,2024-10-01,1954,312,Fashion,5,293.71,0.05,1395.12,"Bank Transfer",France
100434,2024-04-12,1882,313,"Home & Kitchen",1,421.9,0,421.9,PayPal,USA
100435,2024-10-05,1469,262,Sports,4,276.75,0.15,940.95,"Debit Card",Canada
100436,2024-04-18,1374,331,Books,1,113.54,0.15,96.51,PayPal,Nigeria
100437,2024-08-09,1021,328,Beauty,5,21.67,0.1,97.52,PayPal,USA
100438,2024-04-15,1749,207,Fashion,4,111.24,0.2,355.97,"Credit Card",Germany
100439,2024-09-14,1669,254,Books,3,210.98,0.1,569.65,"Credit Card",Nigeria
100440,2024-05-21,1037,302,Electronics,3,381.01,0.1,1028.73,"Credit Card",Nigeria
100441,2024-05-24,1229,330,Fashion,1,97.98,0.2,78.38,"Debit Card",USA
100442,2024-05-13,1364,231,Books,1,361.3,0,361.3,"Bank Transfer",France
100443,2024-02-09,1562,209,Electronics,5,434.13,0.1,1953.58,"Bank Transfer",USA
100444,2024-04-26,1437,309,Fashion,5,229.7,0.1,1033.65,"Debit Card",Canada
100445,2024-07-27,1775,323,Electronics,2,411.61,0.15,699.74,PayPal,Canada
100446,2024-12-15,1282,286,Electronics,5,279.56,0.2,1118.24,"Debit Card",Nigeria
100447,2024-10-01,1026,254,Fashion,2,320.36,0.05,608.68,PayPal,Nigeria
100448,2024-06-02,1225,231,Fashion,4,265.51,0,1062.04,"Debit Card",USA
100449,2024-02-20,1276,334,Electronics,1,234.27,0,234.27,"Debit Card",Canada
100450,2024-02-06,1797,292,Sports,4,121.15,0.2,387.68,"Debit Card",Canada
100451,2024-02-19,1608,207,Fashion,5,155.08,0.15,659.09,"Bank Transfer",France
100452,2024-10-19,1283,264,Books,4,148.54,0.15,505.04,"Credit Card",Germany
100453,2024-08-11,1878,256,"Home & Kitchen",4,283.83,0.2,908.26,"Debit Card",France
100454,2024-04-24,1959,266,Beauty,4,64.38,0.15,218.89,"Bank Transfer",UK
100455,2024-04-10,1480,271,Electronics,5,458.81,0,2294.05,"Credit Card",France
100456,2024-07-01,1452,253,Electronics,4,361.72,0,1446.88,"Credit Card",USA
100457,2024-05-11,1828,266,Beauty,2,203.72,0.05,387.07,"Debit Card",Germany
100458,2024-08-01,1815,250,Sports,5,83.52,0.2,334.08,PayPal,USA
100459,2024-07-22,1658,296,Beauty,4,441.59,0.1,1589.72,PayPal,UK
100460,2024-10-22,1515,291,Fashion,5,412.77,0.1,1857.46,PayPal,Germany
100461,2024-11-12,1546,207,Beauty,3,362.25,0.05,1032.41,"Debit Card",Nigeria
100462,2024-05-19,1191,234,Electronics,2,139.42,0.05,264.9,PayPal,Canada
100463,2024-06-19,1048,295,Beauty,4,204.21,0.15,694.31,"Bank Transfer",France
100464,2024-09-22,1511,287,"Home & Kitchen",3,55.86,0.05,159.2,"Bank Transfer",USA
100465,2024-07-25,1016,277,Books,3,98.57,0.05,280.92,"Bank Transfer",UK
100466,2024-02-11,1171,231,Fashion,5,392.59,0.1,1766.66,"Bank Transfer",Canada
100467,2024-02-18,1219,319,Beauty,3,358.94,0.15,915.3,"Credit Card",France
100468,2024-07-16,1157,245,Electronics,2,298.78,0.05,567.68,"Bank Transfer",Canada
100469,2024-06-11,1476,343,Books,2,448.38,0.05,851.92,PayPal,France
100470,2024-09-17,1045,341,Fashion,1,293.72,0.15,249.66,"Debit Card",Nigeria
100471,2024-08-13,1372,254,Electronics,2,236.15,0.2,377.84,PayPal,Germany
100472,2024-03-11,1517,206,Sports,3,173.48,0.15,442.37,"Bank Transfer",Canada
100473,2024-04-02,1098,273,"Home & Kitchen",2,470.52,0.1,846.94,"Credit Card",Canada
100474,2024-03-30,1891,206,Sports,5,45.94,0.2,183.76,"Bank Transfer",Canada
100475,2024-11-03,1744,284,"Home & Kitchen",1,465.79,0,465.79,"Debit Card",Germany
100476,2024-07-08,1036,346,Beauty,3,414.22,0.15,1056.26,PayPal,UK
100477,2024-11-22,1279,311,Fashion,1,69.32,0.1,62.39,"Debit Card",France
100478,2024-11-05,1348,324,Beauty,3,284.67,0.2,683.21,"Debit Card",Nigeria
100479,2024-10-13,1496,346,"Home & Kitchen",5,433.94,0.15,1844.24,"Debit Card",Canada
100480,2024-12-21,1301,235,"Home & Kitchen",1,288.05,0.05,273.65,PayPal,Germany
100481,2024-07-08,1180,228,"Home & Kitchen",4,454.06,0.15,1543.8,"Bank Transfer",UK
100482,2024-04-26,1606,281,Books,3,471.78,0,1415.34,"Debit Card",France
100483,2024-12-19,1098,201,Electronics,4,214.08,0.15,727.87,PayPal,Germany
100484,2024-07-09,1699,328,Fashion,1,191.77,0.2,153.42,"Credit Card",Nigeria
100485,2024-05-10,1992,246,Beauty,4,468.48,0.2,1499.14,PayPal,Nigeria
100486,2024-04-02,1115,347,Beauty,4,339.19,0.15,1153.25,"Credit Card",France
100487,2024-09-17,1190,210,Sports,1,62.43,0.2,49.94,PayPal,Canada
100488,2024-01-27,1252,329,"Home & Kitchen",5,25.93,0.05,123.17,"Bank Transfer",Nigeria
100489,2024-12-26,1980,318,"Home & Kitchen",4,284.49,0.15,967.27,"Debit Card",UK
100490,2024-06-23,1927,339,"Home & Kitchen",4,465.43,0.05,1768.63,"Bank Transfer",Germany
100491,2024-11-22,1982,219,Beauty,5,422.9,0.05,2008.78,PayPal,UK
100492,2024-02-07,1160,204,Sports,4,339.54,0.1,1222.34,"Debit Card",Canada
100493,2024-10-31,1255,236,Electronics,4,73.86,0.15,251.12,"Credit Card",UK
100494,2024-06-12,1322,336,Books,4,130.84,0.2,418.69,PayPal,UK
100495,2024-10-21,1127,252,Fashion,2,438.38,0.05,832.92,"Debit Card",USA
100496,2024-11-06,1017,298,Electronics,5,95.49,0.1,429.7,"Credit Card",UK
100497,2024-07-16,1792,285,Beauty,4,142.83,0.15,485.62,"Credit Card",France
100498,2024-08-13,1734,307,Books,5,69.15,0.15,293.89,"Bank Transfer",Germany
100499,2024-06-27,1565,223,Books,3,339.67,0,1019.01,PayPal,USA
100500,2024-10-07,1569,280,Books,3,472.27,0,1416.81,"Credit Card",Germany
100501,2024-02-24,1322,319,"Home & Kitchen",4,138.14,0.05,524.93,"Debit Card",Germany
100502,2024-10-27,1871,258,Fashion,5,240.33,0,1201.65,"Credit Card",Canada
100503,2024-08-25,1685,327,Beauty,5,319,0.05,1515.25,"Credit Card",Canada
100504,2024-04-03,1791,313,Beauty,5,499.74,0.2,1998.96,"Bank Transfer",USA
100505,2024-01-25,1625,314,Books,2,56.88,0.05,108.07,"Bank Transfer",Nigeria
100506,2024-06-29,1287,213,Beauty,3,251.79,0,755.37,"Debit Card",Canada
100507,2024-10-10,1942,208,Fashion,5,195.63,0.2,782.52,"Bank Transfer",Canada
100508,2024-09-13,1853,239,Fashion,5,433.58,0,2167.9,"Credit Card",Canada
100509,2024-10-13,1662,224,Sports,2,240.6,0.05,457.14,"Credit Card",Germany
100510,2024-12-07,1961,302,Sports,2,59.93,0.1,107.87,"Bank Transfer",USA
100511,2024-06-04,1638,221,Electronics,5,319.04,0.15,1355.92,"Credit Card",Germany
100512,2024-04-23,1154,203,Fashion,1,386.54,0,386.54,"Credit Card",France
100513,2024-11-23,1489,228,Fashion,5,6.43,0.05,30.54,"Debit Card",Germany
100514,2024-12-18,1385,308,Fashion,5,430.18,0.2,1720.72,"Bank Transfer",France
100515,2024-03-07,1985,297,Sports,2,97.08,0,194.16,"Credit Card",UK
100516,2024-12-23,1784,236,Books,2,278.27,0,556.54,"Bank Transfer",UK
100517,2024-07-17,1103,274,Books,5,210.82,0.15,895.98,"Debit Card",France
100518,2024-02-15,1928,269,Beauty,5,361.23,0.05,1715.84,"Bank Transfer",France
100519,2024-07-23,1392,345,Books,5,188.72,0.1,849.24,"Credit Card",Germany
100520,2024-12-10,1810,327,"Home & Kitchen",2,435.53,0.2,696.85,"Bank Transfer",France
100521,2024-12-17,1245,284,Sports,5,366.6,0.05,1741.35,"Credit Card",USA
100522,2024-08-28,1175,241,Fashion,5,325.62,0.2,1302.48,"Credit Card",UK
100523,2024-11-29,1038,299,Books,4,399.14,0,1596.56,"Credit Card",UK
100524,2024-03-13,1476,240,Sports,1,378.24,0.15,321.5,"Debit Card",Nigeria
100525,2024-10-08,1681,233,Books,3,22.79,0.15,58.11,"Bank Transfer",France
100526,2024-01-10,1758,216,Electronics,1,200.39,0.1,180.35,"Debit Card",Canada
100527,2024-04-09,1537,321,Fashion,4,465.75,0.15,1583.55,"Bank Transfer",Canada
100528,2024-12-01,1866,275,Electronics,3,67.23,0,201.69,"Debit Card",France
100529,2024-08-19,1817,286,Fashion,5,369.86,0.1,1664.37,PayPal,USA
100530,2024-10-10,1920,316,Sports,4,487.42,0.05,1852.2,"Credit Card",Canada
100531,2024-06-13,1407,305,Beauty,5,30.84,0.15,131.07,"Credit Card",Nigeria
100532,2024-10-30,1524,285,Books,2,342.69,0.1,616.84,"Debit Card",France
100533,2024-10-27,1827,226,Books,4,236.74,0,946.96,PayPal,USA
100534,2024-02-01,1505,256,"Home & Kitchen",2,291.69,0.2,466.7,"Credit Card",USA
100535,2024-04-14,1902,230,Electronics,4,47.24,0.2,151.17,"Bank Transfer",Germany
100536,2024-03-18,1824,333,Books,4,26.29,0,105.16,"Debit Card",USA
100537,2024-04-07,1035,297,Sports,2,335.1,0,670.2,"Credit Card",Canada
100538,2024-10-21,1684,211,Beauty,3,412.54,0.2,990.1,"Credit Card",Canada
100539,2024-08-01,1019,252,Sports,1,392.1,0.1,352.89,"Debit Card",France
100540,2024-10-18,1320,337,Electronics,5,274.18,0.2,1096.72,"Debit Card",France
100541,2024-12-21,1775,344,"Home & Kitchen",4,54.43,0,217.72,"Bank Transfer",USA
100542,2024-06-07,1511,321,Books,5,345.58,0.15,1468.72,"Bank Transfer",Nigeria
100543,2024-06-21,1399,245,Sports,2,124.73,0.05,236.99,"Credit Card",UK
100544,2024-01-19,1653,263,Fashion,5,455.98,0.15,1937.92,"Credit Card",Germany
100545,2024-06-27,1971,329,Beauty,2,419.94,0.15,713.9,"Debit Card",UK
100546,2024-08-02,1882,253,Sports,5,356.14,0,1780.7,"Credit Card",USA
100547,2024-04-12,1470,306,Beauty,1,474.68,0.2,379.74,"Credit Card",USA
100548,2024-11-04,1142,250,Books,1,20.55,0.1,18.5,"Debit Card",UK
100549,2024-11-18,1091,235,Fashion,1,369.42,0.15,314.01,"Credit Card",Germany
100550,2024-09-28,1353,314,"Home & Kitchen",1,168.47,0.2,134.78,"Credit Card",UK
100551,2024-11-05,1833,225,"Home & Kitchen",1,453.5,0.1,408.15,PayPal,France
100552,2024-02-09,1799,228,Fashion,1,137,0.15,116.45,"Bank Transfer",Canada
100553,2024-08-05,1726,348,Beauty,2,363.8,0.1,654.84,"Debit Card",Nigeria
100554,2024-01-14,1958,210,Books,4,439.44,0.2,1406.21,PayPal,France
100555,2024-04-28,1853,239,Sports,5,25.62,0.05,121.7,"Bank Transfer",Canada
100556,2024-11-06,1050,210,Fashion,1,201.84,0.2,161.47,"Bank Transfer",Nigeria
100557,2024-09-08,1664,312,Electronics,2,382.34,0,764.68,"Bank Transfer",Nigeria
100558,2024-06-07,1697,238,Beauty,2,230.18,0.1,414.32,PayPal,Nigeria
100559,2024-09-25,1574,253,"Home & Kitchen",2,137.29,0.05,260.85,PayPal,USA
100560,2024-10-27,1189,297,Fashion,4,113.8,0.1,409.68,"Bank Transfer",Nigeria
100561,2024-10-22,1124,254,"Home & Kitchen",5,70.1,0.1,315.45,"Credit Card",Germany
100562,2024-04-13,1149,310,Beauty,4,429.28,0.15,1459.55,"Credit Card",UK
100563,2024-12-01,1313,349,"Home & Kitchen",3,289.8,0,869.4,PayPal,Germany
100564,2024-09-02,1569,268,Fashion,2,42.81,0.1,77.06,PayPal,UK
100565,2024-01-05,1341,255,Beauty,3,194.38,0.2,466.51,PayPal,France
100566,2024-05-10,1304,232,Electronics,1,187.03,0.2,149.62,"Bank Transfer",France
100567,2024-10-21,1691,235,Fashion,1,94.96,0.15,80.72,"Credit Card",UK
100568,2024-11-06,1681,347,Sports,4,220.58,0,882.32,PayPal,Germany
100569,2024-08-10,1837,280,Books,5,169.39,0,846.95,PayPal,UK
100570,2024-03-02,1782,308,Fashion,3,174.19,0.2,418.06,"Debit Card",Nigeria
100571,2024-09-13,1053,272,Beauty,5,370.82,0.05,1761.39,"Bank Transfer",USA
100572,2024-11-05,1443,239,Books,4,115.52,0.15,392.77,"Debit Card",France
100573,2024-09-21,1612,216,Fashion,1,322.72,0.15,274.31,"Credit Card",USA
100574,2024-09-30,1992,328,Electronics,5,287.47,0.2,1149.88,"Debit Card",Nigeria
100575,2024-03-04,1263,260,Electronics,5,286.21,0.2,1144.84,"Debit Card",Nigeria
100576,2024-11-08,1052,303,Sports,1,333.19,0.05,316.53,"Debit Card",France
100577,2024-08-09,1571,241,"Home & Kitchen",3,276.45,0.05,787.88,"Bank Transfer",France
100578,2024-01-13,1619,224,Books,1,440.23,0,440.23,"Credit Card",Nigeria
100579,2024-10-13,1004,238,Beauty,5,339.41,0.15,1442.49,"Debit Card",Canada
100580,2024-08-28,1102,234,Beauty,3,275.75,0.15,703.16,"Bank Transfer",USA
100581,2024-01-20,1195,330,"Home & Kitchen",3,415.73,0.2,997.75,"Credit Card",USA
100582,2024-04-06,1773,307,Electronics,1,305.04,0,305.04,PayPal,Canada
100583,2024-02-04,1876,301,Electronics,5,149.12,0.15,633.76,"Debit Card",Germany
100584,2024-05-06,1991,297,Fashion,4,107.51,0,430.04,"Credit Card",USA
100585,2024-03-27,1883,211,Sports,5,80.4,0,402,"Debit Card",UK
100586,2024-01-08,1349,218,Books,2,450.23,0.2,720.37,PayPal,Nigeria
100587,2024-12-16,1046,300,Sports,4,356.52,0,1426.08,"Credit Card",Nigeria
100588,2024-01-21,1866,243,Sports,3,469,0.05,1336.65,"Bank Transfer",Canada
100589,2024-12-14,1822,248,Fashion,4,303.63,0.05,1153.79,"Credit Card",USA
100590,2024-05-08,1935,216,Sports,3,239.33,0.1,646.19,"Bank Transfer",Germany
100591,2024-11-06,1819,273,"Home & Kitchen",3,34.56,0.2,82.94,"Credit Card",USA
100592,2024-03-26,1655,256,Fashion,4,337.46,0.1,1214.86,"Bank Transfer",Nigeria
100593,2024-01-25,1268,254,"Home & Kitchen",3,293.19,0.05,835.59,PayPal,France
100594,2024-05-17,1369,246,Fashion,3,495.15,0.1,1336.9,PayPal,UK
100595,2024-12-28,1635,211,Sports,2,123.38,0.2,197.41,PayPal,Canada
100596,2024-12-30,1105,261,"Home & Kitchen",5,267.71,0.2,1070.84,"Credit Card",France
100597,2024-01-24,1669,279,"Home & Kitchen",5,327.22,0,1636.1,PayPal,Germany
100598,2024-10-23,1658,282,"Home & Kitchen",2,324.07,0.15,550.92,"Debit Card",France
100599,2024-06-02,1656,207,Fashion,4,282.84,0,1131.36,PayPal,France
100600,2024-12-08,1119,348,Beauty,1,389.58,0.2,311.66,"Bank Transfer",Germany
100601,2024-03-31,1830,280,Sports,1,106.47,0.05,101.15,"Bank Transfer",France
100602,2024-02-29,1786,317,"Home & Kitchen",1,364.19,0.05,345.98,"Bank Transfer",Canada
100603,2024-10-11,1603,224,Books,2,311.77,0,623.54,"Credit Card",Nigeria
100604,2024-04-29,1057,288,Beauty,2,448.56,0.2,717.7,"Debit Card",USA
100605,2024-11-08,1950,211,Books,3,424.36,0.05,1209.43,PayPal,France
100606,2024-12-28,1345,342,Sports,1,161,0.2,128.8,"Debit Card",Canada
100607,2024-10-25,1740,258,Sports,4,141.74,0.05,538.61,"Debit Card",USA
100608,2024-02-06,1473,308,"Home & Kitchen",4,490.92,0.2,1570.94,"Bank Transfer",USA
100609,2024-12-09,1116,225,"Home & Kitchen",1,266,0.1,239.4,"Bank Transfer",France
100610,2024-11-09,1829,246,Fashion,1,453.68,0.2,362.94,"Bank Transfer",Canada
100611,2024-02-29,1790,231,Beauty,1,86.12,0.2,68.9,"Credit Card",Nigeria
100612,2024-04-21,1126,209,Beauty,2,323.2,0,646.4,"Debit Card",France
100613,2024-07-07,1392,215,"Home & Kitchen",2,405.88,0.1,730.58,"Debit Card",Germany
100614,2024-06-04,1907,344,Sports,2,473.96,0.15,805.73,"Credit Card",USA
100615,2024-02-23,1640,225,"Home & Kitchen",5,171.98,0,859.9,"Credit Card",France
100616,2024-10-12,1057,285,Sports,4,363.87,0.15,1237.16,"Credit Card",USA
100617,2024-02-13,1633,334,Sports,4,271.71,0.05,1032.5,"Debit Card",Canada
100618,2024-02-21,1512,213,"Home & Kitchen",3,35.01,0.15,89.28,"Debit Card",UK
100619,2024-01-05,1750,278,Electronics,2,346.55,0.2,554.48,"Bank Transfer",France
100620,2024-04-29,1801,316,Beauty,5,346.6,0.15,1473.05,"Bank Transfer",Nigeria
100621,2024-08-18,1095,206,Books,5,465.65,0,2328.25,"Debit Card",France
100622,2024-05-20,1637,336,Sports,4,251.17,0,1004.68,"Bank Transfer",USA
100623,2024-11-04,1117,314,Sports,2,118.97,0.15,202.25,"Credit Card",Canada
100624,2024-11-28,1559,271,Electronics,3,27.06,0,81.18,PayPal,Germany
100625,2024-11-29,1600,258,Books,2,210.74,0,421.48,"Bank Transfer",Nigeria
100626,2024-06-21,1487,281,Fashion,1,154.45,0.15,131.28,"Debit Card",Canada
100627,2024-05-14,1236,315,Electronics,2,381.74,0.1,687.13,"Bank Transfer",France
100628,2024-06-08,1884,345,Books,1,180.36,0.1,162.32,"Bank Transfer",Germany
100629,2024-02-10,1896,302,Electronics,1,474.79,0.05,451.05,"Bank Transfer",Canada
100630,2024-02-18,1271,216,Sports,3,481.34,0,1444.02,PayPal,UK
100631,2024-07-23,1188,213,Beauty,4,312.35,0.15,1061.99,"Credit Card",Nigeria
100632,2024-04-16,1998,307,Electronics,2,464.69,0,929.38,"Debit Card",USA
100633,2024-01-15,1703,244,Fashion,1,381.62,0.2,305.3,PayPal,Canada
100634,2024-04-30,1446,297,"Home & Kitchen",2,275.7,0,551.4,"Debit Card",Canada
100635,2024-10-02,1580,330,Books,4,94.25,0,377,"Debit Card",UK
100636,2024-10-20,1789,236,Electronics,4,232.01,0.1,835.24,"Debit Card",France
100637,2024-08-30,1860,307,Electronics,5,282.63,0.15,1201.18,PayPal,Nigeria
100638,2024-11-26,1246,238,Fashion,4,432.66,0,1730.64,"Credit Card",Nigeria
100639,2024-11-01,1962,214,Beauty,3,243.26,0.1,656.8,"Debit Card",USA
100640,2024-03-02,1075,319,Electronics,1,449.35,0.05,426.88,"Credit Card",Canada
100641,2024-10-30,1153,203,Electronics,5,338.8,0.1,1524.6,"Credit Card",Germany
100642,2024-07-13,1655,292,Beauty,3,72.81,0.1,196.59,"Bank Transfer",Canada
100643,2024-05-31,1434,340,Fashion,2,497.52,0.1,895.54,PayPal,USA
100644,2024-07-08,1996,215,Books,1,265.98,0,265.98,PayPal,Canada
100645,2024-10-06,1085,307,Books,4,198.97,0,795.88,"Bank Transfer",UK
100646,2024-11-16,1696,325,Electronics,1,331.26,0.05,314.7,"Bank Transfer",Canada
100647,2024-09-21,1284,254,Beauty,2,58.9,0.2,94.24,"Credit Card",Canada
100648,2024-08-26,1973,233,Electronics,5,320.09,0.2,1280.36,"Debit Card",Germany
100649,2024-01-06,1219,212,"Home & Kitchen",5,251.63,0.2,1006.52,PayPal,UK
100650,2024-12-24,1068,340,Books,5,206.3,0.05,979.92,"Debit Card",UK
100651,2024-09-05,1046,217,Sports,4,476.74,0.2,1525.57,"Debit Card",Canada
100652,2024-03-29,1093,295,"Home & Kitchen",3,263.66,0.2,632.78,"Bank Transfer",Nigeria
100653,2024-10-02,1749,322,Electronics,3,113.46,0.1,306.34,"Debit Card",Germany
100654,2024-07-03,1957,238,Fashion,1,232.19,0,232.19,"Credit Card",Canada
100655,2024-10-28,1452,245,Books,4,460.1,0,1840.4,"Bank Transfer",Canada
100656,2024-01-13,1203,228,Sports,5,92.17,0.1,414.77,"Debit Card",USA
100657,2024-12-03,1911,261,"Home & Kitchen",5,110.91,0.1,499.1,"Bank Transfer",USA
100658,2024-04-03,1217,215,Books,2,11.45,0.1,20.61,"Credit Card",Nigeria
100659,2024-01-27,1473,320,Beauty,2,12.02,0,24.04,"Credit Card",Germany
100660,2024-11-06,1431,209,Fashion,5,415.55,0.2,1662.2,"Debit Card",France
100661,2024-10-08,1340,302,"Home & Kitchen",5,367.4,0.1,1653.3,"Bank Transfer",USA
100662,2024-03-14,1550,283,Beauty,4,180.75,0.05,686.85,"Debit Card",France
100663,2024-03-08,1611,332,Electronics,3,350.66,0.1,946.78,"Debit Card",UK
100664,2024-07-29,1288,264,Beauty,2,200.63,0.15,341.07,"Bank Transfer",USA
100665,2024-12-04,1253,202,"Home & Kitchen",3,476.68,0.1,1287.04,"Debit Card",USA
100666,2024-12-29,1733,341,"Home & Kitchen",4,483.69,0,1934.76,"Credit Card",Germany
100667,2024-07-22,1356,319,Electronics,5,199.43,0.1,897.44,"Bank Transfer",Nigeria
100668,2024-12-18,1022,267,Beauty,3,427.84,0.15,1090.99,"Bank Transfer",France
100669,2024-05-11,1761,345,Beauty,5,387.68,0.05,1841.48,"Bank Transfer",USA
100670,2024-10-09,1521,236,Electronics,5,158.45,0.2,633.8,"Bank Transfer",USA
100671,2024-03-16,1757,272,Beauty,1,119.86,0.1,107.87,"Debit Card",Germany
100672,2024-04-17,1836,342,Books,3,231.83,0.15,591.17,"Debit Card",Germany
100673,2024-05-29,1099,248,Electronics,3,391.77,0.15,999.01,"Credit Card",Nigeria
100674,2024-01-28,1801,320,Fashion,5,480.28,0.05,2281.33,PayPal,France
100675,2024-05-09,1179,287,"Home & Kitchen",4,382.97,0,1531.88,PayPal,UK
100676,2024-05-02,1222,339,Fashion,1,428.33,0.1,385.5,"Credit Card",Nigeria
100677,2024-01-20,1905,236,Books,5,303.52,0.15,1289.96,PayPal,UK
100678,2024-09-20,1761,260,Books,2,418.53,0.05,795.21,"Credit Card",Canada
100679,2024-11-06,1658,323,Sports,2,393.29,0.2,629.26,"Debit Card",USA
100680,2024-05-20,1441,238,Sports,1,191.61,0.15,162.87,"Bank Transfer",France
100681,2024-12-18,1607,262,Sports,4,278.24,0.05,1057.31,"Bank Transfer",Nigeria
100682,2024-04-26,1768,245,Electronics,5,403.35,0,2016.75,"Debit Card",USA
100683,2024-03-30,1324,287,Beauty,3,27.8,0,83.4,"Bank Transfer",France
100684,2024-09-13,1515,210,Books,1,405,0.15,344.25,"Bank Transfer",France
100685,2024-09-27,1015,261,Fashion,4,93.05,0.15,316.37,PayPal,France
100686,2024-02-14,1791,276,Fashion,3,259.77,0.1,701.38,"Debit Card",USA
100687,2024-12-06,1335,251,Fashion,2,405.1,0.05,769.69,PayPal,Nigeria
100688,2024-08-30,1758,203,Fashion,2,130.64,0.15,222.09,PayPal,Germany
100689,2024-08-13,1257,258,Sports,3,126.67,0.1,342.01,"Bank Transfer",USA
100690,2024-05-01,1496,271,Fashion,1,204.37,0.1,183.93,"Bank Transfer",France
100691,2024-09-26,1987,347,Beauty,2,447.85,0.15,761.34,"Debit Card",Nigeria
100692,2024-08-06,1895,292,Sports,5,5.22,0,26.1,"Bank Transfer",Canada
100693,2024-09-23,1159,262,Fashion,3,451.18,0.05,1285.86,"Bank Transfer",UK
100694,2024-09-15,1474,253,Electronics,3,81.13,0.05,231.22,"Debit Card",France
100695,2024-07-22,1851,316,"Home & Kitchen",2,495.09,0,990.18,"Bank Transfer",Canada
100696,2024-06-17,1663,309,"Home & Kitchen",1,477.65,0.15,406,PayPal,Germany
100697,2024-04-02,1907,273,"Home & Kitchen",5,249.86,0.05,1186.84,"Debit Card",France
100698,2024-09-26,1689,306,Sports,1,258.8,0.15,219.98,"Bank Transfer",Canada
100699,2024-10-26,1674,256,Fashion,4,243.37,0.15,827.46,"Credit Card",France
100700,2024-05-13,1379,202,Books,4,319.54,0.1,1150.34,"Debit Card",USA
100701,2024-11-05,1544,319,Books,2,49.91,0,99.82,"Debit Card",Nigeria
100702,2024-05-15,1928,205,Books,2,21.15,0.15,35.96,"Credit Card",Canada
100703,2024-07-23,1956,204,Sports,2,33.56,0.2,53.7,"Bank Transfer",Nigeria
100704,2024-10-14,1690,204,Beauty,4,224.96,0,899.84,"Bank Transfer",USA
100705,2024-07-04,1426,253,Electronics,1,141.4,0.05,134.33,"Debit Card",USA
100706,2024-10-07,1612,246,Electronics,1,312.91,0.1,281.62,"Debit Card",Nigeria
100707,2024-02-12,1267,208,"Home & Kitchen",2,496.26,0.05,942.89,"Bank Transfer",Canada
100708,2024-12-24,1834,298,"Home & Kitchen",5,196.23,0.05,932.09,"Bank Transfer",Nigeria
100709,2024-03-02,1576,219,Books,1,289.05,0,289.05,PayPal,Nigeria
100710,2024-09-15,1416,321,Books,4,210.72,0.05,800.74,"Debit Card",UK
100711,2024-10-17,1167,260,"Home & Kitchen",3,424.4,0.15,1082.22,"Debit Card",Canada
100712,2024-08-14,1841,322,Fashion,3,451.61,0.05,1287.09,"Credit Card",UK
100713,2024-04-09,1042,281,Beauty,3,439.29,0.1,1186.08,PayPal,France
100714,2024-07-09,1555,261,Beauty,5,487.31,0.1,2192.9,"Bank Transfer",Nigeria
100715,2024-11-07,1284,344,Beauty,2,18.62,0.2,29.79,PayPal,France
100716,2024-07-20,1396,202,Beauty,4,420.71,0.1,1514.56,"Bank Transfer",Canada
100717,2024-12-18,1011,212,"Home & Kitchen",5,377.13,0.05,1791.37,"Bank Transfer",Nigeria
100718,2024-10-05,1606,319,Electronics,4,118.2,0.1,425.52,PayPal,France
100719,2024-10-24,1301,324,"Home & Kitchen",4,478.38,0,1913.52,"Debit Card",Germany
100720,2024-03-31,1897,288,Beauty,2,78.35,0.1,141.03,"Bank Transfer",USA
100721,2024-01-15,1252,272,"Home & Kitchen",3,341.38,0.15,870.52,PayPal,Nigeria
100722,2024-04-23,1498,267,Beauty,2,116.32,0,232.64,"Credit Card",USA
100723,2024-09-02,1753,341,Sports,5,218.53,0.2,874.12,PayPal,UK
100724,2024-09-16,1034,300,Books,5,360.98,0.15,1534.16,"Credit Card",France
100725,2024-07-27,1726,297,Electronics,5,283.85,0.05,1348.29,"Bank Transfer",UK
100726,2024-03-26,1848,210,Sports,2,216.61,0.05,411.56,PayPal,Nigeria
100727,2024-06-14,1089,304,Fashion,4,166.54,0.05,632.85,PayPal,USA
100728,2024-01-15,1775,266,"Home & Kitchen",4,420.63,0.15,1430.14,"Credit Card",USA
100729,2024-04-17,1604,322,Fashion,1,76.19,0.15,64.76,PayPal,France
100730,2024-03-06,1921,228,"Home & Kitchen",5,217.9,0.15,926.08,PayPal,Nigeria
100731,2024-10-12,1969,336,Books,4,452.36,0,1809.44,"Bank Transfer",Germany
100732,2024-11-30,1601,275,Sports,1,423.7,0,423.7,PayPal,Germany
100733,2024-11-08,1417,208,Books,4,203.47,0.05,773.19,"Debit Card",France
100734,2024-08-08,1114,239,Beauty,5,382.74,0.1,1722.33,"Credit Card",Nigeria
100735,2024-04-22,1616,224,Books,3,412.46,0.05,1175.51,PayPal,France
100736,2024-10-18,1902,204,Books,5,445,0.2,1780,"Credit Card",Nigeria
100737,2024-02-19,1195,338,Beauty,2,274.53,0,549.06,"Credit Card",UK
100738,2024-03-15,1825,323,"Home & Kitchen",4,106.21,0.15,361.11,"Credit Card",France
100739,2024-07-24,1500,237,Beauty,4,131.38,0,525.52,PayPal,Nigeria
100740,2024-01-27,1625,271,Sports,2,151.37,0.15,257.33,PayPal,Germany
100741,2024-08-13,1492,332,Books,2,298.93,0.2,478.29,"Credit Card",Nigeria
100742,2024-09-30,1074,289,Beauty,3,21.24,0.2,50.98,"Debit Card",Nigeria
100743,2024-01-19,1412,345,Books,4,319.84,0,1279.36,"Credit Card",France
100744,2024-03-16,1375,236,Sports,4,185.36,0.15,630.22,"Debit Card",UK
100745,2024-05-05,1419,259,Fashion,3,151.14,0.2,362.74,"Credit Card",UK
100746,2024-01-25,1728,227,Sports,1,440.35,0.05,418.33,"Bank Transfer",UK
100747,2024-04-07,1276,280,Electronics,3,232.7,0.05,663.2,"Credit Card",UK
100748,2024-01-11,1760,313,Electronics,5,52.05,0.15,221.21,"Credit Card",Canada
100749,2024-03-26,1675,239,Electronics,4,414.24,0,1656.96,PayPal,France
100750,2024-04-09,1393,244,Books,2,28.58,0.2,45.73,"Debit Card",USA
100751,2024-10-26,1868,261,"Home & Kitchen",5,364.74,0,1823.7,"Bank Transfer",France
100752,2024-02-25,1456,292,"Home & Kitchen",4,388.08,0.05,1474.7,"Debit Card",Canada
100753,2024-01-13,1919,314,"Home & Kitchen",3,179.54,0.2,430.9,"Bank Transfer",UK
100754,2024-04-28,1191,266,Books,5,413.27,0,2066.35,"Credit Card",Canada
100755,2024-03-13,1738,255,Sports,4,260.25,0.1,936.9,PayPal,Germany
100756,2024-09-30,1688,239,"Home & Kitchen",1,234.33,0.15,199.18,PayPal,Germany
100757,2024-01-12,1098,297,Fashion,1,27.47,0.15,23.35,"Debit Card",France
100758,2024-02-04,1547,239,Electronics,2,148.56,0.1,267.41,PayPal,France
100759,2024-02-29,1977,290,Sports,4,465.85,0.05,1770.23,"Debit Card",USA
100760,2024-08-16,1998,232,Electronics,1,198.95,0.2,159.16,"Debit Card",USA
100761,2024-01-25,1095,205,"Home & Kitchen",3,275.62,0.15,702.83,"Bank Transfer",Germany
100762,2024-04-22,1663,346,Sports,4,268.35,0.1,966.06,"Debit Card",UK
100763,2024-07-11,1662,279,Beauty,3,297.26,0.1,802.6,"Bank Transfer",Canada
100764,2024-10-13,1189,291,Fashion,3,35.36,0.05,100.78,PayPal,USA
100765,2024-06-26,1735,296,"Home & Kitchen",1,184.28,0.05,175.07,"Debit Card",Nigeria
100766,2024-05-13,1036,258,"Home & Kitchen",4,362.95,0,1451.8,"Debit Card",USA
100767,2024-01-25,1779,258,Fashion,5,104.28,0.15,443.19,"Credit Card",UK
100768,2024-03-26,1368,247,Fashion,1,105.77,0,105.77,"Debit Card",UK
100769,2024-07-24,1694,212,Beauty,1,9.99,0.1,8.99,"Debit Card",France
100770,2024-12-20,1524,306,"Home & Kitchen",4,221.55,0.2,708.96,"Credit Card",Canada
100771,2024-07-29,1278,244,Books,4,441.95,0.2,1414.24,"Credit Card",UK
100772,2024-06-11,1216,288,"Home & Kitchen",3,30.69,0.05,87.47,PayPal,USA
100773,2024-09-14,1866,299,Electronics,4,99.6,0.2,318.72,"Debit Card",USA
100774,2024-11-18,1872,206,Sports,3,158.49,0.2,380.38,PayPal,Germany
100775,2024-05-22,1797,332,Sports,1,367.2,0.2,293.76,PayPal,UK
100776,2024-05-24,1272,244,Electronics,2,322.11,0.1,579.8,"Credit Card",Nigeria
100777,2024-09-28,1880,257,Sports,5,210.89,0.2,843.56,"Bank Transfer",France
100778,2024-09-23,1061,230,Fashion,1,380.74,0.2,304.59,PayPal,Canada
100779,2024-07-30,1595,222,Sports,4,306.77,0.2,981.66,"Bank Transfer",Nigeria
100780,2024-04-16,1879,337,Sports,5,448.54,0,2242.7,"Debit Card",France
100781,2024-04-05,1728,306,Electronics,2,409.92,0.1,737.86,"Credit Card",USA
100782,2024-08-23,1341,238,Beauty,2,130.14,0.05,247.27,"Debit Card",Nigeria
100783,2024-07-31,1396,281,Sports,3,139.36,0,418.08,"Debit Card",France
100784,2024-02-03,1698,299,Books,5,67.05,0.15,284.96,"Credit Card",USA
100785,2024-08-15,1018,201,Sports,3,171.8,0.1,463.86,"Debit Card",USA
100786,2024-03-15,1176,276,Beauty,1,499.77,0.1,449.79,"Credit Card",USA
100787,2024-03-04,1611,211,Electronics,5,205.85,0.15,874.86,"Bank Transfer",USA
100788,2024-03-22,1395,238,Beauty,1,114.14,0.15,97.02,"Debit Card",USA
100789,2024-06-28,1444,212,Electronics,3,382.43,0.15,975.2,"Credit Card",Germany
100790,2024-04-06,1232,245,Fashion,5,273.52,0.05,1299.22,PayPal,Nigeria
100791,2024-08-13,1914,312,Electronics,3,79.05,0.2,189.72,"Debit Card",France
100792,2024-05-08,1075,216,Fashion,5,193.44,0.1,870.48,"Bank Transfer",Germany
100793,2024-07-29,1264,303,Fashion,3,210.16,0.2,504.38,"Credit Card",Germany
100794,2024-07-21,1454,297,Electronics,2,378.15,0.2,605.04,"Debit Card",UK
100795,2024-06-13,1795,287,Books,3,15.23,0.15,38.84,"Debit Card",UK
100796,2024-04-24,1717,308,"Home & Kitchen",2,138.16,0.05,262.5,"Debit Card",UK
100797,2024-12-01,1734,269,Electronics,3,261.21,0,783.63,"Bank Transfer",Canada
100798,2024-06-30,1383,273,Sports,5,138.08,0.05,655.88,"Credit Card",UK
100799,2024-03-01,1563,262,Books,5,316.07,0.2,1264.28,PayPal,France
100800,2024-11-15,1850,259,Books,5,243.52,0.05,1156.72,PayPal,Germany
100801,2024-05-25,1505,278,Sports,4,184.05,0.15,625.77,PayPal,France
100802,2024-08-25,1366,236,"Home & Kitchen",1,474.86,0,474.86,"Credit Card",Nigeria
100803,2024-12-13,1143,221,Books,5,317.92,0.15,1351.16,PayPal,UK
100804,2024-02-11,1884,347,Fashion,2,69.32,0,138.64,"Bank Transfer",Canada
100805,2024-12-11,1068,295,"Home & Kitchen",5,282.25,0.2,1129,"Credit Card",Nigeria
100806,2024-07-10,1098,267,Sports,4,391.46,0,1565.84,"Debit Card",Canada
100807,2024-11-08,1395,216,"Home & Kitchen",2,355.7,0,711.4,"Bank Transfer",Nigeria
100808,2024-11-28,1024,211,Electronics,4,90.18,0,360.72,"Debit Card",Germany
100809,2024-03-01,1947,349,"Home & Kitchen",2,486.35,0.05,924.06,PayPal,France
100810,2024-09-04,1890,344,Fashion,3,227.16,0.05,647.41,"Bank Transfer",USA
100811,2024-10-01,1468,337,Electronics,1,83.72,0.2,66.98,"Credit Card",France
100812,2024-07-18,1483,317,Beauty,1,94.2,0,94.2,"Bank Transfer",UK
100813,2024-03-04,1564,221,Sports,4,53.63,0.1,193.07,"Debit Card",USA
100814,2024-08-11,1150,319,Sports,1,402.74,0.2,322.19,"Credit Card",Canada
100815,2024-08-20,1143,249,"Home & Kitchen",4,65.41,0,261.64,"Bank Transfer",Germany
100816,2024-12-06,1568,213,Books,4,66.94,0,267.76,"Bank Transfer",Germany
100817,2024-04-07,1038,228,Electronics,4,425.98,0.05,1618.72,"Bank Transfer",Canada
100818,2024-03-18,1108,324,Beauty,1,175.58,0.2,140.46,"Bank Transfer",UK
100819,2024-09-01,1692,206,Electronics,4,20.27,0,81.08,"Credit Card",Canada
100820,2024-06-05,1041,228,Sports,1,30.69,0,30.69,"Debit Card",Nigeria
100821,2024-02-22,1185,338,Electronics,4,75.37,0.2,241.18,"Bank Transfer",UK
100822,2024-12-10,1934,232,Beauty,5,110.63,0.1,497.84,"Credit Card",USA
100823,2024-05-06,1397,333,Books,4,334.25,0.2,1069.6,"Debit Card",Canada
100824,2024-03-08,1222,310,"Home & Kitchen",2,82.88,0.2,132.61,"Bank Transfer",UK
100825,2024-02-01,1633,278,Fashion,4,63.84,0.1,229.82,"Debit Card",USA
100826,2024-01-12,1132,257,Electronics,3,383.54,0.2,920.5,"Debit Card",Canada
100827,2024-10-22,1162,225,Fashion,4,337.17,0,1348.68,"Credit Card",Germany
100828,2024-07-23,1214,228,Sports,2,220.49,0.2,352.78,"Debit Card",Canada
100829,2024-09-10,1732,203,"Home & Kitchen",2,276.91,0.1,498.44,"Credit Card",France
100830,2024-12-07,1234,298,"Home & Kitchen",1,159.43,0.15,135.52,"Bank Transfer",Canada
100831,2024-12-13,1842,340,Electronics,5,243.84,0.2,975.36,"Debit Card",France
100832,2024-12-09,1657,238,Books,4,255.8,0.05,972.04,"Debit Card",USA
100833,2024-07-18,1750,214,"Home & Kitchen",1,196.68,0,196.68,PayPal,Canada
100834,2024-12-07,1587,318,Electronics,5,453.75,0,2268.75,"Bank Transfer",USA
100835,2024-02-12,1008,228,Electronics,4,12.95,0.05,49.21,"Bank Transfer",USA
100836,2024-01-04,1073,274,Fashion,3,392.17,0.05,1117.68,PayPal,UK
100837,2024-11-02,1953,315,"Home & Kitchen",4,66.57,0.2,213.02,PayPal,USA
100838,2024-08-28,1491,231,Electronics,2,399.79,0.05,759.6,"Credit Card",USA
100839,2024-05-22,1912,329,Fashion,2,309.88,0.15,526.8,"Credit Card",Canada
100840,2024-01-01,1252,283,Beauty,3,422.42,0.1,1140.53,"Debit Card",Canada
100841,2024-07-14,1229,221,Fashion,1,53.27,0.05,50.61,"Debit Card",Germany
100842,2024-12-02,1518,226,Fashion,5,281.7,0.05,1338.08,"Debit Card",UK
100843,2024-09-18,1173,280,Electronics,4,253.04,0.15,860.34,"Debit Card",USA
100844,2024-07-04,1652,325,Sports,2,354.57,0,709.14,"Credit Card",UK
100845,2024-03-03,1167,291,Sports,1,269.47,0,269.47,"Bank Transfer",France
100846,2024-01-17,1169,220,Books,3,272.66,0.2,654.38,"Debit Card",USA
100847,2024-03-31,1392,246,Sports,2,217.65,0.15,370,"Bank Transfer",UK
100848,2024-10-15,1945,300,Fashion,3,157.87,0.1,426.25,"Debit Card",Germany
100849,2024-07-02,1794,283,Books,4,243.72,0.1,877.39,PayPal,Germany
100850,2024-05-07,1633,205,Electronics,5,63.65,0.15,270.51,"Debit Card",USA
100851,2024-10-02,1193,346,"Home & Kitchen",2,480.95,0.1,865.71,"Debit Card",France
100852,2024-11-12,1516,330,Fashion,2,358.63,0,717.26,"Debit Card",Germany
100853,2024-10-14,1028,200,Fashion,4,476.47,0.1,1715.29,"Credit Card",Germany
100854,2024-12-22,1164,257,Books,1,117.23,0.1,105.51,PayPal,France
100855,2024-03-25,1421,323,Electronics,5,440.27,0.15,1871.15,"Debit Card",UK
100856,2024-01-20,1338,214,Beauty,2,405.35,0.15,689.1,"Debit Card",Germany
100857,2024-05-09,1647,263,Fashion,5,340.19,0.1,1530.86,"Bank Transfer",Canada
100858,2024-02-08,1495,224,Beauty,2,314.39,0.05,597.34,PayPal,Nigeria
100859,2024-11-26,1364,223,Beauty,5,161.69,0.15,687.18,"Debit Card",Nigeria
100860,2024-08-13,1832,211,Sports,3,409.12,0.2,981.89,"Bank Transfer",Germany
100861,2024-05-17,1341,217,Electronics,2,253.25,0.2,405.2,"Bank Transfer",UK
100862,2024-04-03,1499,214,Beauty,5,40.09,0,200.45,"Credit Card",UK
100863,2024-12-02,1656,226,Electronics,1,159.87,0.1,143.88,"Bank Transfer",USA
100864,2024-08-11,1510,271,Sports,3,467.97,0.05,1333.71,"Debit Card",Canada
100865,2024-01-09,1326,259,Electronics,3,426.09,0,1278.27,"Credit Card",UK
100866,2024-10-30,1216,344,Fashion,1,491.04,0.1,441.94,"Credit Card",France
100867,2024-04-19,1300,292,Beauty,5,315.86,0.15,1342.41,"Debit Card",Canada
100868,2024-02-06,1131,252,Electronics,4,127.52,0.2,408.06,PayPal,Nigeria
100869,2024-11-14,1803,207,"Home & Kitchen",1,85.59,0.05,81.31,"Bank Transfer",Canada
100870,2024-04-04,1069,278,Electronics,5,97.52,0.2,390.08,"Credit Card",France
100871,2024-06-24,1251,226,Beauty,1,14.8,0.15,12.58,PayPal,Germany
100872,2024-11-10,1414,249,Sports,1,198.39,0.1,178.55,"Debit Card",France
100873,2024-10-10,1786,330,Sports,2,99.76,0.15,169.59,"Bank Transfer",France
100874,2024-01-27,1444,292,Beauty,5,208.77,0.15,887.27,"Bank Transfer",Germany
100875,2024-01-12,1875,223,Fashion,4,467.82,0.2,1497.02,"Credit Card",Germany
100876,2024-12-03,1181,259,Fashion,2,218.12,0.05,414.43,"Bank Transfer",Germany
100877,2024-01-17,1166,321,Sports,1,439.6,0.15,373.66,"Bank Transfer",Germany
100878,2024-04-21,1090,330,Sports,1,304.72,0.2,243.78,"Bank Transfer",Germany
100879,2024-08-09,1713,347,Beauty,1,127.33,0.05,120.96,"Bank Transfer",France
100880,2024-09-10,1857,245,Fashion,5,181.15,0.1,815.18,"Debit Card",USA
100881,2024-02-02,1530,214,Sports,5,46.54,0.1,209.43,PayPal,USA
100882,2024-10-28,1038,216,Fashion,2,170.06,0,340.12,"Debit Card",UK
100883,2024-11-27,1125,325,Sports,4,340.38,0.2,1089.22,"Debit Card",USA
100884,2024-09-10,1450,283,Electronics,2,40.69,0.05,77.31,"Credit Card",Nigeria
100885,2024-01-28,1172,208,"Home & Kitchen",3,106.67,0.15,272.01,"Bank Transfer",USA
100886,2024-08-28,1652,262,Books,1,193.81,0.1,174.43,"Debit Card",France
100887,2024-08-18,1753,316,Electronics,1,491.11,0.05,466.55,"Bank Transfer",Germany
100888,2024-11-24,1219,329,Books,1,393.51,0.2,314.81,"Debit Card",Germany
100889,2024-06-15,1637,287,Sports,2,368.08,0,736.16,"Debit Card",France
100890,2024-12-08,1057,271,"Home & Kitchen",2,62.51,0.1,112.52,"Credit Card",Nigeria
100891,2024-06-09,1659,338,"Home & Kitchen",1,391.59,0.05,372.01,PayPal,USA
100892,2024-01-06,1475,263,Sports,2,393.71,0.05,748.05,PayPal,France
100893,2024-02-14,1455,271,Sports,5,302.55,0.05,1437.11,"Debit Card",UK
100894,2024-11-03,1828,220,Fashion,5,495.23,0.2,1980.92,"Credit Card",Germany
100895,2024-03-19,1894,217,Sports,2,166,0.2,265.6,"Bank Transfer",Canada
100896,2024-07-19,1360,263,Beauty,1,470.93,0.2,376.74,"Bank Transfer",UK
100897,2024-03-22,1934,281,Sports,2,457.79,0.15,778.24,"Debit Card",Nigeria
100898,2024-09-22,1000,309,Beauty,2,10.68,0.05,20.29,PayPal,UK
100899,2024-12-27,1386,294,Sports,2,227.81,0.1,410.06,"Credit Card",France
100900,2024-08-06,1972,231,Fashion,3,488.67,0.2,1172.81,PayPal,USA
100901,2024-09-05,1347,210,Beauty,5,56.05,0.2,224.2,"Bank Transfer",Germany
100902,2024-12-24,1189,244,Electronics,4,276.15,0.05,1049.37,PayPal,Nigeria
100903,2024-04-13,1504,232,Beauty,4,489.58,0.2,1566.66,"Bank Transfer",Nigeria
100904,2024-09-02,1190,301,Fashion,3,279.97,0.15,713.92,"Credit Card",Canada
100905,2024-03-22,1507,335,Books,2,98.96,0.15,168.23,"Credit Card",UK
100906,2024-10-10,1368,210,Beauty,3,293.18,0.2,703.63,"Debit Card",Canada
100907,2024-06-30,1408,287,Sports,3,106.2,0.05,302.67,"Debit Card",USA
100908,2024-10-24,1823,240,Sports,1,262.25,0.05,249.14,PayPal,USA
100909,2024-02-08,1928,344,Books,5,41.65,0.05,197.84,"Credit Card",Canada
100910,2024-05-11,1933,275,Fashion,4,304.71,0,1218.84,"Credit Card",Germany
100911,2024-11-27,1116,320,"Home & Kitchen",2,260.81,0.2,417.3,"Debit Card",USA
100912,2024-04-10,1133,245,Sports,4,371.38,0.05,1411.24,"Bank Transfer",Canada
100913,2024-09-08,1057,279,Electronics,4,317.2,0.15,1078.48,PayPal,UK
100914,2024-04-06,1555,253,Fashion,5,277.06,0.1,1246.77,PayPal,Canada
100915,2024-05-21,1684,285,Beauty,4,346.44,0.1,1247.18,"Debit Card",Canada
100916,2024-08-01,1671,291,Beauty,4,76.25,0.05,289.75,"Credit Card",France
100917,2024-08-09,1172,347,Electronics,3,299.7,0.1,809.19,"Debit Card",USA
100918,2024-03-26,1828,296,Sports,5,90.19,0.1,405.86,"Debit Card",Germany
100919,2024-04-03,1814,201,Fashion,1,463.13,0,463.13,"Debit Card",Germany
100920,2024-02-25,1148,232,Electronics,2,38.83,0.15,66.01,"Debit Card",France
100921,2024-07-02,1079,276,Sports,4,218.04,0.15,741.34,"Bank Transfer",Nigeria
100922,2024-11-05,1885,315,Fashion,2,349.42,0,698.84,"Bank Transfer",Germany
100923,2024-04-09,1212,349,Beauty,1,231.72,0,231.72,"Credit Card",Canada
100924,2024-05-15,1202,302,Fashion,2,50.59,0.1,91.06,"Debit Card",France
100925,2024-05-10,1763,302,Books,1,278.92,0.2,223.14,"Bank Transfer",UK
100926,2024-08-31,1228,289,"Home & Kitchen",3,322.61,0.1,871.05,"Credit Card",USA
100927,2024-07-27,1675,321,Fashion,4,353.38,0,1413.52,"Debit Card",USA
100928,2024-06-29,1226,342,"Home & Kitchen",1,189.76,0.15,161.3,PayPal,USA
100929,2024-10-15,1658,305,Fashion,2,284.01,0.1,511.22,"Bank Transfer",Canada
100930,2024-02-26,1531,318,"Home & Kitchen",4,228.09,0.2,729.89,"Credit Card",UK
100931,2024-02-06,1440,248,Books,3,337.67,0.1,911.71,PayPal,France
100932,2024-09-26,1401,303,Beauty,4,293.86,0.05,1116.67,"Debit Card",France
100933,2024-01-13,1046,260,Sports,1,265.25,0.1,238.72,"Debit Card",USA
100934,2024-07-26,1232,322,"Home & Kitchen",3,128.51,0,385.53,"Debit Card",UK
100935,2024-08-06,1304,333,Books,2,6,0.15,10.2,"Bank Transfer",UK
100936,2024-02-22,1525,208,"Home & Kitchen",3,91.17,0.15,232.48,"Credit Card",UK
100937,2024-06-26,1142,205,Beauty,3,62.95,0,188.85,PayPal,Germany
100938,2024-06-02,1414,272,"Home & Kitchen",5,227.3,0.05,1079.68,"Credit Card",Germany
100939,2024-11-26,1512,302,Books,3,308.07,0,924.21,"Bank Transfer",USA
100940,2024-07-18,1372,240,Books,3,110.48,0.1,298.3,"Credit Card",UK
100941,2024-11-12,1565,313,Electronics,4,469.83,0,1879.32,"Bank Transfer",Nigeria
100942,2024-10-26,1885,207,Beauty,2,8.31,0,16.62,"Debit Card",UK
100943,2024-05-17,1258,271,Electronics,4,387.29,0.05,1471.7,PayPal,France
100944,2024-03-30,1655,291,Beauty,4,314.48,0.1,1132.13,"Debit Card",France
100945,2024-02-26,1470,261,"Home & Kitchen",1,189.91,0.2,151.93,"Credit Card",USA
100946,2024-04-30,1952,283,Books,4,29.99,0.2,95.97,"Debit Card",Nigeria
100947,2024-10-15,1970,261,Electronics,5,315.61,0.15,1341.34,PayPal,UK
100948,2024-12-20,1011,310,"Home & Kitchen",5,195.88,0,979.4,"Debit Card",Nigeria
100949,2024-11-19,1329,326,Books,1,468.45,0.15,398.18,PayPal,USA
100950,2024-08-10,1735,206,Beauty,2,273.29,0.05,519.25,PayPal,France
100951,2024-12-03,1783,283,Books,2,470.13,0.2,752.21,"Debit Card",France
100952,2024-08-17,1967,331,"Home & Kitchen",4,114.14,0,456.56,"Bank Transfer",Germany
100953,2024-07-09,1357,333,Electronics,4,364.23,0.05,1384.07,"Credit Card",USA
100954,2024-07-11,1971,257,Electronics,4,310.54,0.05,1180.05,"Bank Transfer",USA
100955,2024-10-04,1407,221,Books,2,371.01,0,742.02,"Bank Transfer",UK
100956,2024-03-15,1667,326,"Home & Kitchen",3,111.26,0.05,317.09,"Debit Card",UK
100957,2024-03-12,1372,202,Fashion,5,334.17,0,1670.85,"Credit Card",Germany
100958,2024-10-24,1007,326,Beauty,3,251.53,0,754.59,"Credit Card",Canada
100959,2024-08-11,1121,240,Beauty,3,372.7,0.1,1006.29,"Bank Transfer",Nigeria
100960,2024-11-23,1347,305,"Home & Kitchen",2,166.89,0.15,283.71,"Debit Card",Canada
100961,2024-06-17,1675,213,Fashion,3,445.58,0.05,1269.9,"Credit Card",Canada
100962,2024-06-03,1089,211,Electronics,1,46.73,0.05,44.39,"Bank Transfer",USA
100963,2024-08-05,1647,286,Sports,4,404.56,0.1,1456.42,"Credit Card",Nigeria
100964,2024-09-18,1697,211,Sports,1,431.35,0.1,388.22,"Debit Card",USA
100965,2024-06-03,1315,340,"Home & Kitchen",5,409.54,0.1,1842.93,"Debit Card",Nigeria
100966,2024-08-31,1177,224,Fashion,4,258.8,0.2,828.16,"Debit Card",France
100967,2024-04-20,1539,244,Fashion,3,222,0.2,532.8,"Credit Card",USA
100968,2024-01-11,1731,321,Beauty,5,498.15,0.2,1992.6,PayPal,USA
100969,2024-08-17,1868,346,Electronics,4,118.44,0,473.76,"Credit Card",USA
100970,2024-01-04,1040,254,Books,3,275.7,0.05,785.74,PayPal,Germany
100971,2024-11-26,1739,299,Fashion,1,336.98,0.15,286.43,"Debit Card",USA
100972,2024-01-31,1703,335,Books,4,351.93,0,1407.72,"Bank Transfer",UK
100973,2024-01-14,1922,318,Sports,3,105.99,0.05,302.07,PayPal,UK
100974,2024-11-04,1501,252,Books,1,328.73,0.05,312.29,"Debit Card",Nigeria
100975,2024-09-23,1958,231,Electronics,5,410.09,0.1,1845.4,"Debit Card",France
100976,2024-07-06,1144,250,Electronics,5,29.76,0.1,133.92,PayPal,Germany
100977,2024-03-26,1200,243,Books,5,456.2,0,2281,"Bank Transfer",Nigeria
100978,2024-10-12,1928,281,"Home & Kitchen",5,19.6,0.1,88.2,"Debit Card",UK
100979,2024-02-06,1723,345,Fashion,2,181.21,0.05,344.3,PayPal,Germany
100980,2024-12-13,1460,349,"Home & Kitchen",4,12.83,0.1,46.19,"Bank Transfer",Germany
100981,2024-04-05,1731,236,Books,4,43.19,0.2,138.21,"Bank Transfer",France
100982,2024-07-21,1751,295,Fashion,2,456.03,0.1,820.85,"Debit Card",Germany
100983,2024-01-16,1924,255,Beauty,3,180.66,0.05,514.88,"Credit Card",USA
100984,2024-09-04,1908,304,"Home & Kitchen",3,215.26,0,645.78,"Credit Card",Germany
100985,2024-05-30,1557,258,"Home & Kitchen",5,111.6,0.15,474.3,"Debit Card",France
100986,2024-08-02,1546,330,Books,1,300.56,0.1,270.5,"Bank Transfer",Nigeria
100987,2024-09-24,1252,234,Sports,3,299.43,0.05,853.38,"Debit Card",France
100988,2024-04-28,1389,292,Books,1,189.24,0.15,160.85,PayPal,France
100989,2024-11-30,1593,296,"Home & Kitchen",4,169.85,0.15,577.49,"Credit Card",UK
100990,2024-02-28,1882,334,Fashion,1,443.06,0.2,354.45,PayPal,USA
100991,2024-11-26,1255,275,Sports,4,194.73,0.15,662.08,"Debit Card",UK
100992,2024-06-15,1708,248,Books,2,249.28,0.05,473.63,"Debit Card",Nigeria
100993,2024-03-15,1814,293,Books,2,145.24,0.05,275.96,"Bank Transfer",Canada
100994,2024-07-25,1920,223,"Home & Kitchen",5,394.45,0.1,1775.02,"Bank Transfer",Nigeria
100995,2024-01-08,1449,347,"Home & Kitchen",3,201.74,0.1,544.7,"Bank Transfer",USA
100996,2024-02-25,1009,236,Beauty,5,259.24,0.1,1166.58,PayPal,Germany
100997,2024-08-30,1823,203,Books,4,130.41,0.15,443.39,"Bank Transfer",France
100998,2024-07-28,1797,307,"Home & Kitchen",5,493.89,0.15,2099.03,"Debit Card",Canada
100999,2024-09-25,1241,325,Electronics,1,149.29,0.2,119.43,"Bank Transfer",USA
101000,2024-08-04,1250,219,Sports,4,386.52,0.1,1391.47,"Credit Card",UK
